stock,volume
CVCO,30
SCS,16443
SCU,100
BBD,258796
BBG,37424
BBF,2808
BBH,30532
SCON,1400
SCX,290
SCOK,230
BBK,2830
SCZ,24678
STPZ,7542
JIVE,6079
BBL,41472
BBN,12383
SDD,100
BBT,174012
TWTC,55793
SCOR,4070
CEAI,100
BBW,1102
BBY,259827
BBX,536
FNLC,2603
SDP,25
SDR,8439
BCA,5617
SDT,4475
SDS,713137
BCC,1475
BCF,22837
BCE,23537
BCH,1502
STON,10284
KURRY,1
SDY,102920
JRONY,100
BSAC,3518
SEA,7250
BCO,5702
BCR,25115
SEB,13
SEE,22528
BCS,84261
BCV,1139
SEF,680
BCX,13352
CVCY,800
IWSY,11500
HCOM,1051
SEM,38963
TWSI,235
SEP,3264
HTSI,24346
BDC,4982
A,70791
TKPPY,3327
BDE,4973
NVEC,725
B,3058
C,1058296
BDD,2000
D,48098
STRT,600
SEV,3137
STRS,2000
E,18862
F,1508993
G,13940
H,12669
STSA,4416
I,3814
BDJ,86312
K,65467
BDL,1400
L,19254
MLLGF,2700
M,163154
BDN,44693
MSBF,200
CYS.PR.B,1755
N,14557
O,86268
P,321589
STSI,555631
CECO,54440
Q,25271
R,22625
SFE,8806
S,1501242
T,2844320
SFG,1884
V,211728
BDX,57867
X,703612
SFL,17872
SFK,936
IFUS,50000
Y,1811
Z,31082
SFN,224
CECE,3668
SFM,8086
NVDA,3157529
BEE,28084
SCPB,19701
BSCM,214
BSCL,752
TWTR,2298919
BSCK,67112
SFY,35136
BSCJ,1955
BSCI,7073
BSCH,11099
BEN,69710
BSCG,4489
BSCF,4406
TFSL,64745
BEP,2604
SGA,653
CEDU,664
BSCE,14345
SGC,20
ZMSPF,1000
NVDQ,9457
NECB,400
SGG,900
VLGEA,686
SGF,1852
SGI,15291
NVDL,15997
SGK,112
STRA,6081
STRP,127
SGM,1300
SGL,17931
STRM,16912
STRL,2509
FNMA,490981
BSBR,493590
HTSC,600
STRI,73138
SGU,3518
CEFC,43
NVGC,800
LPAD,1446
SGY,17403
APAM,761
BSDM,18376
SCSC,1858
BFK,13159
DHIL,119
BBBY,69685
CVGI,3880
BFO,301
NVGN,500
ARTNA,74
BFS,213
BFR,1900
NVGS,24287
SHG,1998
BFY,2137
SHI,1327
SCSS,33124
BFZ,4086
SHM,17541
SHO,59240
BGB,7977
BGC,8242
MSCA,317
SHV,93695
MSCC,26558
BBDA,128500
BGH,23078
BGG,13779
SHW,16815
BGI,250
SHY,70290
SCRC,20000
MSCI,11110
BBCZ,2600
BGR,10921
HCSG,7709
BGT,11998
SID,280943
BGS,9022
SIG,63555
PHOEF,200
SIF,60
BGX,7410
BBCN,4165
BGY,14645
SIM,2010
SIL,27156
CEFL,8266
CVGW,1273
BHB,302
SIR,42517
MODTQ,1800
BHE,8425
STTK,122500
BSFT,4373
BHI,105344
SIX,22174
MSFG,1548
BHK,4249
HTWR,3379
BHL,594
STWD,18574
SJB,450
BHP,88117
MSFT,1987347
BHV,1
NVIV,3970
SJI,1761
SJM,26040
FNRC,250100
BIB,11379
SJR,5739
STWS,500
FNRG,600
SJT,3382
BID,21140
BIF,765
BIE,104
BSET,746
BIG,9022
SJW,722
ASWRF,7688
BIL,12755
BIK,7134
KGILF,2910
BIN,2100
APDN,57399
BIP,8857
APNHY,20
BIO,553
BIT,5300
BIS,3074
BIV,15681
SKF,2785
SKH,342
SKK,400
SCTY,114513
BBEP,15537
SKM,46268
STVF,35400
MSEX,950
SKT,5365
MSHF,200
SKX,4251
RSTAY,23
BJK,1360
BCAUY,10
FNSR,84272
SLB,218397
SLA,2400
SLF,16848
DNFGY,38
APEI,1601
SLH,2941
SLG,37090
BSHF,4108
SLI,250
PKPL,800
EUDSF,15
BJZ,1273
SLM,70706
SLP,46
QNST,3607
BKD,14206
AIG.WS,6886
SLV,961216
BKF,3833
BKE,5089
BKH,3958
SLX,1022
SLW,303224
BKJ,400
SCVL,2573
WPCS,889175
SLY,5210
BKK,2237
CVLT,39211
BKN,3470
SMA,1339
SMB,4917
BKT,8652
BKS,13115
SMG,2347
SMF,3423
BKU,165055
SMI,27663
SMH,83487
BKW,11503
TYIDY,635
PKOH,5141
APFC,4380
SMM,3095
SMN,1476
SMP,2133
BLE,12284
SMT,859
DYNT,1600
STXS,32935
MBFI,5300
BBGI,2980
BLH,176
NVMI,22355
BLK,13403
BLJ,1374
CELH,1150
CELG,155132
BLL,32855
SCYL,100
SNA,8390
BLT,1786
SNE,79878
SNH,73459
BLW,10643
BLV,3560
BSJK,583
BSJJ,1328
BLX,4754
SNI,38900
ZHNE,70605
BSJI,2884
VMCS,36000
APGI,76
BSJH,7947
MBII,345
BSJG,11670
BSJF,18388
SNN,6186
BSJE,11118
SNP,6700
BMA,2915
TKPYY,630
SNV,312017
BME,1078
MBIS,970
SNX,3579
BMI,670
SNY,169438
VMBS,2740
CEMI,710
BMO,19965
BMR,36871
BMS,23053
BMY,276081
NVLX,36745
SOL,155853
SON,12604
BNA,13129
SOQ,72
SOR,2269
APHB,1003
ALAWP,136
BND,124188
KMDA,1800
C.WS.B,51150
BNJ,1743
C.WS.A,4300
BNO,1750
SPB,16896
SPA,605
BNS,46907
MSLI,2195
SPF,105833
SPE,1100
NENE,5895
SPH,3074
SPG,71166
BNY,4970
KMKGF,2550
MSLP,2000
DYSL,2410
CVOL,60
SPN,37056
SPR,25017
BBT.PR.G,1199
BOE,15590
BBT.PR.F,3040
SPU,2080
CEMP,2633
BOH,3839
SPW,6602
SPY,6160689
BOI,861
BBT.PR.E,4573
BBT.PR.D,1824
BSMX,15074
LPHI,260
BOS,20
SQI,837
NVCIF,500
SQM,35266
CENX,19570
CENT,206
VMEM,6713
YELP,100894
BPI,5725
BPK,1453
BPL,4893
BPO,52310
BPS,100
SRC,55304
MBLX,1860
SRF,5217
SRE,34381
BPT,4732
BPY,8708
SRI,11266
BPZ,8185
SRS,7717
SRV,8104
BBLU,10
BQH,3
LPLA,2636
NEPT,1000
BQR,6592
BBNK,919
SSD,1561
SSG,1000
SSI,13936
SSH,12491
NEOG,4183
BQY,2300
CVRR,16010
XSLV,196
SSL,8793
SSO,373110
SSN,5173
SSP,3073
NEOM,271142
BRC,11235
NEON,19521
OHRP,600
SSS,2080
BRE,41388
SST,538
BRD,9014
SSW,9012
BRF,32241
TLSYY,3739
XBKS,200
BRO,30127
STB,18464
CERN,56812
BRP,17716
BRS,2546
STC,1307
NVSL,600
BRT,101
STE,5499
STJ,136480
STI,119079
BRX,12528
CERE,11000
STL,1691
CVST,1000
STK,5412
SUBK,647
STN,4702
STM,106127
STO,38854
STR,8974
BSPM,4700
STT,72565
BSD,4192
STS,146
STV,5000
BSE,1891
STX,244865
BGMZF,2000
STZ,51079
BSL,13659
CVSC,1850
CEQP,9514
BSP,693
PSA.PR.X,1202
SUB,1028
MSON,7418
PSA.PR.T,851
BSV,80289
PSA.PR.U,2233
PSA.PR.V,2918
SUI,5061
BSX,739951
PSA.PR.W,566
PSA.PR.P,113
PSA.PR.Q,836
PSA.PR.R,1360
PSA.PR.S,1645
APNT,12000
XSNX,10000
BSQR,2744
BTA,13293
PSA.PR.O,403
SUP,2532
HUBG,2940
BTE,5712
BTG,141312
BTF,1
BTI,8037
BBOX,3093
CVTI,400
BTH,7524
PKWY,3000
BTO,6222
CERS,41954
BTN,1295
SVA,2130
CERP,30000
KPCPY,910
BTU,343943
NETC,2188
BTT,3935
TXGE,14100
BTX,12681
BTZ,11284
WPNV,1000
SVM,60670
NETE,5390
BSRR,454
BUD,174294
ARCAY,92
GRBG,30
APOL,83620
SVU,123435
GRT.PR.I,1
GRT.PR.H,297
OBTLY,125
BUI,2894
APOG,3504
IRET.PR.B,2
EXMRF,100
BSRC,85
SWC,89877
NVTL,3921
SWI,42547
XBOR,73
SWK,20868
APPY,7502
SWJ,10370
APPZ,5350
SWM,10359
LPNT,6611
NESI,200
BBRG,123
SWN,73645
BVA,4200
XSPY,4900
BBRC,1492
SWS,1604
SWY,115329
YESD,4000
SWX,3833
DRAGF,500
SWZ,8300
CETV,66465
BVN,120375
GRAS,200000
APPA,33985
SXC,15870
MSTR,1373
SXE,101
BVX,650
SXI,138
SXL,26958
BBSI,1875
BWA,42475
CEVE,70
SXT,12035
MSTX,92929
BWC,44486
CEVA,801
BWG,12726
BBRY,5662943
BWP,30826
SYA,1929
BWS,84448
BSTC,2108
BWV,22700
TYG.PR.B,1003
BWX,49277
APSA,880
BWZ,6411
SYK,39685
SYN,17252
BXC,1501
BXE,700
MBRG,24
SYT,14202
SYY,1537658
TGGI,485000
SYX,535
APRI,33420
GABC,238
BXP,30722
BXS,16977
SZC,1268
KMPR,1703
SZO,980
GCVRZ,475551
BYD,41228
BYI,27049
JTEKY,8
BYM,23789
MSWM,2555
GRFS,15743
LPTH,1200
LPTN,600
MBTF,2727
PTAXF,2764
NEWL,36460
GACR,19850
BZC,100
CCLAY,9
BZF,8522
APTS,6700
NEWT,6400
LPSB,600
GREK,26602
XBTC,600
BZH,48861
HKXCY,911
WPRT,39667
NEWP,8196
BBVA,200634
BZM,3
NEWS,1246
BZQ,21359
APTL,1
HDGE,4698
LPSN,34784
BZT,100
TOLWF,1500
MBWM,604
TGLP,300
GAGA,599
PLBC,39
SDIV,26922
SDIR,3557
BLLAF,33598
MBVA,13
APWC,540
IGLD,1724
MBVT,3806
PLAB,6113
TXMD,12651
RRGB,1684
ELAY,8563079
ALL.PR.C,431
ALL.PR.D,9200
PLCM,15812
ABW.PR.B,182
ALL.PR.A,227
BDN.PR.E,55
ALL.PR.B,1179
GAIA,1336
UBP.PR.F,600
THYCY,600
GAIN,17552
PUK.PR,1200
GRID,4
GRIF,13
AQPVF,650
NINOY,5
TAC,7431
PLCE,31745
TAI,1475
TAL,26989
SUNS,47
TAN,28125
TAM,1582
TAP,41570
TAO,1843
GWPRF,1695
TAT,12650
TAS,11894
TAX,605
OIBR,650925
NPSKY,719
GRLT,2688
HDNG,2171
TBF,155383
TBI,3054
TXRH,14694
SUMR,200
CWBK,200
CAC,208
CAB,8744
CAE,1507
TBT,192845
IGOV,8211
CAG,43871
CAF,10813
CAH,77895
TBX,2268
CAK,1010
FOHL,2799
CAJ,19196
TBZ,200
CAM,97199
JJSF,725
TCB,16660
CAP,1159
SDLP,4827
CAS,2567
RAIL,1474
CAR,96487
TCC,500
CAT,326722
WRCDF,617
TCI,23
TCK,93081
SUNE,322653
TCP,1273
RRMS,2379
TCO,13886
CBB,414322
GALT,5600
CBA,9855
GRNH,957118
CBD,11938
SUTNY,3342
TCS,28373
CBF,1138
SUPN,15492
TCX,14418
GRNL,999
CBG,46342
ROHCY,128
AHEXY,591
CBI,35110
CBL,67800
CBK,17237
SUPX,646
SDOG,10260
CBM,5202
TDA,1501
TDC,693172
CBR,3416
GAME,47470
TDE,500
CBT,3683
CBS,92615
TDG,292599
TGRO,176970
TDF,31996
CBU,3680
TDI,54
UNCFF,2080
TDH,182
RALY,1675
CBZ,5058
GAMN,250
TDJ,1022
GGRGF,4506
HURC,616
GAMR,400
SDOW,75400
TDN,2739
CCA,316
GRMC,2500
CCC,2772
TDS,10933
BTAL,237
CCE,48582
CCG,16560
TDW,9141
TDV,74
CCF,230
TDY,2591
CCI,746826
DIDG,9847
CCH,137
CCK,19998
CCJ,47546
CCM,223
GRMN,234468
CCL,191541
CCO,7365
NWBO,31468
GALE,438347
CFBK,500
NWBI,15364
CCU,10640
TEF,99818
CCV,425
TEG,17302
ELGX,12062
TEI,23509
CCX,3732
TEL,48997
TEN,19569
TEP,603
CWCO,6920
TEO,16710
GDFZY,3087
TER,77158
GRPH,2064
RAND,27
CDE,83234
TEU,10728
IVPAF,1060
DLAKY,7881
TEX,47814
DIGI,9840
CWEI,1327
GRPN,1132196
CDI,3266
CDR,6195
TGTX,6646
PUTKY,64
MTBR,133200
TFI,17966
CDW,3515
SUSP,100
TFM,26023
CEA,800
CEC,327
FOLD,13218
CEB,3009
CEE,530
CEF,79035
NFBK,2283
TXTR,12067
TFX,3556
IPL.PR.D,118
GRPEF,2000
CEM,13033
CEL,9372
HURN,905
CEO,5553
CEN,1201
BCAR,1030
IGTE,12988
TGB,58694
TGA,13218
CEP,236
IXUS,27970
BCAP,1010000
SURG,2508
TGD,25502
TGC,4051
GROW,403
TGE,69
CET,3889
TGH,15887
CEW,1135
CEV,3317
FPAFY,1587
GANK,2500
TGI,6437
HUSA,1418
TGP,12142
RYCEY,966
HUSE,300
TGR,2208
VALE.P,426551
TGT,1190003
CFD,903
TGS,9940
ELLI,26231
EPGNF,11655
CWGL,127
SUTR,4687
CFI,4024
SPCHA,20
DIIBF,135
CFN,52722
CFP,9244
CFR,8036
THC,84123
BCBP,1100
CFT,4747
THD,83062
MTDR,28761
RRRI,25
THG,1779
CFX,3360
THI,4432
THM,241147
THO,17121
OIIM,1600
CGA,10500
ELMD,250990
THS,1191
THR,1034
FONE,2
CGG,1990
HDRX,49152
CGI,6052
CWHO,2100
CWHN,408
SUSS,4879
SUSQ,55145
CGO,12151
NWFL,30
FONR,60239
SDRL,173009
SUTI,2500000
TIF,48963
NFEC,826
CGW,4676
SETHF,600
MCBC,914
CFFN,22690
CGX,2996
HDSN,16483
MTCN,1337
TIK,855
BCCI,18918
CFFI,1795
MCBI,65
TIP,52898
NILSY,1002
ZIGO,615
CHA,1708
CHD,11923
TIS,1049
CHC,136
CHE,11544
GST.PR.B,1879
CHH,2762
ELNK,35787
CHI,46627
XTEX,6205
CHL,68923
PLMT,220
GST.PR.A,401
RRST,58
CHK,239224
CHN,1234
SPG.PR.J,272
CDPYF,2300
GASE,1000
CHT,2395
CHS,457660
CWID,40
CHU,13168
GASL,4900
CHW,42973
CHY,25940
HE.PR.U,64
PLND,4034
RRTS,1383
CIA,475
FORD,6738
FORC,200
ARDNA,630
BAMXF,226
CIB,1200
CIE,110149
GASX,1043
SUWN,130702
CIG,196658
CIF,7355
CII,29603
TJX,184016
CIK,19087
CIM,370057
TKOMY,1609
TEU.PR.C,148
IXYS,3520
CIS,620
CIR,2124
TKC,175069
GRST,17000
CIU,7585
TKF,5701
CIT,24547
BAMXY,645
CIX,438
CRZBY,3623
IGXT,8130
GARS,631
BCEI,5870
TKR,34514
MTEX,600
EBODF,170
PLOW,1403
FOSL,25876
RATE,10881
OILT,115
PLPC,147
OILZ,24
GRVY,1560
TLF,548
TLI,3541
RYCEF,2200
TLH,1814
TLK,4817
PLPE,113662
TLM,133573
TLL,875
MCGC,13887
TLO,1366
TLP,530
TLR,225
PLPM,4572
TLT,195815
GASZ,15003
MTGE,26157
CKH,528
MCET,19110
PLNR,14900
MCEP,694
FORM,3176
ELON,12100
FORR,676
CKP,3707
ELOS,10966
TMF,800
MCQPF,1
TMH,7851
TMK,10219
ANZFF,75
TMP,674
LQDT,10323
TMO,121653
CLB,2517
CLD,3686
CLC,3683
TMV,14075
CLF,320832
CLH,10922
LVNSF,22590
RAVN,1544
CLI,48533
MCHX,34154
SDYL,1052
RAVI,200
CLM,14270
TNA,631443
FOUR,5000
TNC,1327
CLR,49750
KNDI,227291
CLS,2200
CLV,1513
CLX,48969
ZINC,31962
CLW,894
TNH,914
MCIG,733343
TNK,14003
CLY,1119
CMA,43722
TNP,6503
CMC,21010
ELSE,400
CME,1263960
LUKOY,1828
CMD,200
XCHO,2500
BFLBY,1757
CMG,6517
VNDA,76923
CMF,298
CMI,36998
CMK,103
NWLI,11
CMO,32991
CMN,1717
LVNTA,12881
CMP,2758
CMS,77617
CMU,16980
TOF,100
CMT,1555
OZON,1000
TOL,84542
TOK,800
VNCE,4381
MCHI,24021
NONOF,82
TOO,8074
CNA,2058
ELRC,842
TOT,74593
CNC,12806
MCHP,57857
DIOD,1721
CNI,28551
CNL,5957
CNK,17194
OZRK,2400
MTLK,1925
ELTP,42300
CNP,45396
CNO,26874
CNR,500
TPC,15554
CNQ,148613
CFNB,10
FNB.PR.E,25
BCS.PR,715
CNS,2287
TPI,1100
CNX,85724
CNW,7674
TPH,5697
VNET,20209
CNY,45
PLTM,2
TPL,427
AGUNF,12000
FOXA,1332333
TPS,200
FOXF,1133
COB,543
COG,178592
COF,201021
XTLB,732
ZIPR,76
ANZBY,15685
DIRI,500
TPX,9241
COH,432165
TPZ,871
NFLX,101858
GRYO,900
COL,33212
BCLI,106920
COO,12316
ZION,75148
COP,199932
UGNEQ,403700
COR,2713
LBTYA,120734
ELST,15000
COT,7710
LBTYB,2100
COW,700
COV,41863
NBHGY,100
PLSB,5283
CPB,43417
CPA,8626
CPF,1809
GRZG,6300
CPE,23518
ZIOP,39891
CPL,12089
LBTYK,111205
ELTK,1690
CFNL,7316
CJREF,344
CPK,264
CPN,49925
TRC,2293
CPT,31581
MAKSY,2641
TRF,1050
TRI,29152
TRK,411
JMPLY,120
TRN,49754
TRQ,188987
TRP,27697
TRS,5660
CQB,9477
GQMNF,9985
TRR,143
TRW,14924
DPMLF,100
TRV,63090
TRX,6006
CQH,22566
TBDYF,333
CQP,5207
TSC,26
TSH,100
PLUG,5917160
TSI,7165
TSL,228118
TSN,59477
TSM,263446
TSO,115625
TST,124
NWPX,2808
TSS,31191
CRF,19056
TSU,32235
SPCHB,68
CRH,9370
DISH,67439
CRI,6276
CRL,23789
CRK,52170
PLUS,527
CRM,234285
BCOM,574
TCB.PR.B,95
TTC,6742
CRR,10237
CRT,101
CRS,20676
CRV,286
TTF,617
TTI,15775
MGMCF,26000
CWST,983
SVBL,2530
CRY,15456
TTM,77380
SVBI,200
LQMT,91550
TTP,3838
SEAC,9320
CSC,29476
TTS,36549
PLXS,3531
CSE,7543
TTT,2972
CSD,18832
CSG,29638
CSI,3734
CSH,326
MCOX,38
CSJ,24205
CSM,435
PLXT,5413
CSL,23096
CSQ,37250
AABVF,13525
CSP,8835
CSS,2249
TUC,326
LVNVF,1000
CSU,2088
CST,16335
CSV,2150
CSX,185151
BCPC,3237
CWTR,2780
MTOR,24575
TUP,10202
TUR,94946
CTB,48692
NWSA,118276
CTF,4810
CTG,17344
BCOV,18516
TUZ,1639
CTL,628198
BCOR,26458
CTP,700
CTO,112
CTR,8343
ALBPP,1655
TVC,3702
CTQ,3147
TVE,1468
CTT,3218
CTS,9968
CTU,622
CTX,3201
MTRN,614
CTW,3920
AFRAF,250
HECO,1208
MTRX,1947
CTY,6084
GSBC,1372
CUB,3116
MTSC,6204
THFF,549
CUI,1322
CUK,30705
MTSI,45
GBAB,1815
CUR,15341
TWC,71307
YFRM,10000
SEAS,58760
NWTR,3142
CUT,13921
TWI,27549
ESPGY,12
BCRH,10274
CUZ,28785
TWN,1078
TWM,197362
TWO,141445
CVA,38199
SUBCY,1055
KNKT,3900
JKHY,15519
CVD,2493
NNN.PR.E,1
CVC,161181
NNN.PR.D,396
CVE,46757
NWUC,100
TWX,275447
CVG,5256
CVI,22140
BIR.PR.A,873
CVM,3300
CVO,15735
GSAT,70925
CVR,600
CVT,20
CVS,350039
CVV,2852
CVU,1000
CVX,231310
TXI,16288
CVY,6935
SVFC,709000
HEES,233
ZIXI,22090
RSCO,4270
TXN,539193
BCSB,200
CWB,64753
TXT,80279
CWI,3616
CWH,11067
SEED,1500
BCRX,15382
MTUM,7
SEEK,2403986
TYC,60787
CWT,2644
HEDJ,15287
TYG,8741
UOVEY,132
MTSL,40
MTSN,5500
TYL,4658
TYN,1784
MCRI,1671
THGA,90
TYO,1950
CXA,721
CXE,34648
CXH,12408
MCRS,11982
MCRL,5432
TYY,4941
BDVSY,18
BTUI,1000
CXM,70930
TZA,946678
CXP,18244
CXO,85577
TZE,360
TZD,4741
TZG,568
TZI,494
ALSMY,1621
CXW,21761
TZL,1080
TZO,282
CYB,513
CYD,632
TZW,2682
TZV,1769
TZY,518
SEGI,250000
ALBKY,458118
CYH,90104
CYN,2727
CYS,78691
CYT,5875
GBCI,17416
VNOD,2782
KNOP,135
CZA,2347
SEFE,5499
CZR,18130
GBDC,13031
RBCN,5935
CZZ,70663
XTXI,10867
LEN.B,768
EMBB,802
SEIC,24679
THLD,11699
AQUM,3870300
EMBR,3000
GBGD,1000
PMBC,14401
BKJAY,25
PNPFF,22300
GBEN,50000
ALBMP,42
DEMBF,308
VNQI,12410
MZDAF,200
PMCM,3236666
BCYP,25000
PMCS,38489
GS.PR.J,1690
GSJK,903
EMDI,40
VNO.PR.L,1776
VNO.PR.K,1597
VNTV,48864
VNO.PR.J,3250
VNO.PR.I,492
VNO.PR.G,1332
HELE,1961
SVMI,45000
TYPE,2788
TLSNY,133
EMCB,3700
EMCD,201
EMCF,400
GSIG,228
PMBS,108000
EMCG,1260
EMCI,757
TI.A,658
DSEEY,1501
GS.PR.D,3389
GS.PR.B,3310
GS.PR.C,200
GS.PR.I,1348
GSIT,28217
GS.PR.A,4006
SVLC,36745
UAM,959
HEMP,7135929
UAL,112143
UAN,5132
RBIZ,5000
SEMG,54540
GBRRF,2400
RYDBF,863
EMFM,326
EMFN,750
DJCO,6
HENC,1000
UBA,6445
EMFT,422
UBC,280
PMFG,83
UBP,4
UBR,1156
UBT,12002
UBS,139369
DAC,200
LGSXY,100
SELF,1238
LNGLF,900
DAL,754619
RYDAF,831
THOR,11974
DAN,32929
JSAIY,550
DAR,28375
UCC,12
EMES,5443
FRFHF,214
UCI,328
EMEY,2
UCO,264618
THRD,600
DBA,119113
UCP,28
DBC,61324
DBB,42642
DBE,114813
DBD,57605
THRM,29967
THRK,3121
DBL,1687
DBO,4880
DBP,12100
DBS,1500
DBU,777
HEPI,7500
TYTN,4333
DBV,1145
THRX,39579
UDN,1928
UDR,54951
STPFQ,46354
DCA,18267
CESDF,100
DCE,8100
DCI,15544
CXDC,11245
DCM,8997
DCO,1238
UEC,9853
IACAF,19220
DCT,109276
HVPW,360
GBLI,1007
HEOP,407
PPERY,3712
DDC,12333
DDE,1294
GSPI,514000
DDD,233331
DDF,106
EMJI,82000
CXEE,200
DDM,40800
HERB,200
THTI,1650
DDP,230
GSPT,375
DDS,241230
DDR,97806
UFI,4144
HERO,214460
UFS,16755
DEF,7379
EMIF,2410
DEG,4005
GSOL,2520
MUAE,820
DEJ,35510
MUAF,227
MTSXY,1000
DEI,28558
DEL,25
JCTCF,400
DEM,78864
MUAC,5
UGA,2821
DEO,43482
MUAD,31
EMIS,600
DES,3595
UGI,18968
DEX,8510
DEW,436
RSOL,112925
GBNK,607
UGL,16763
UGP,13000
DFE,47531
NGEN,200
THVB,300
DFJ,2888
MDBX,15593
LRAD,3848
EMLP,18245
DFP,566
DFS,146032
MDCA,28481
CGEN,20419
DFT,26243
DFZ,416
MDCI,5218
UHN,749
BDBD,7308
MDCE,1
SGLRF,8575
AA,988756
UHT,4423
AB,17824
UHS,18834
AE,502
AF,65696
AG,175342
SOCGP,100
AH,52901
DGI,30175
AI,5602
DGL,721
MDAV,10990
AL,12597
DGP,10243
AN,45892
MDAS,7545
BDCS,4406
EMKR,4980
AP,963
DGT,530
AGESY,102
DGS,27172
AR,24152
BDCO,74
AT,56194
AU,142152
DGX,104506
BDCL,4878
AV,4770
DGZ,8053
ARAY,13723
UIL,24046
BDCG,5
ARESF,1
UIS,12141
BA,172413
EMLC,23882
ARCP,165662
BC,13063
STRZA,34988
DHG,11632
DHF,21304
ARCO,32750
DHI,524179
BG,11807
BH,42
RSSS,125
ARCI,402
BK,289022
BP,291124
DHS,6056
ARCC,109370
DHR,138022
BR,20346
RSTI,1353
DHT,23244
BT,2937
BV,3313
DHY,65620
PMNA,336
DHX,8036
BX,428763
LRCX,105260
EXPGY,1100
SEVA,966
ARBV,502
LABL,957
DIA,1519104
CA,114126
CB,35636
CE,17267
NXHD,6000
DIG,4085
CF,20569
CG,2095
CH,4426
CI,57475
MDCO,7527
DIN,1002
LUNMF,13
DIM,113
CL,130419
EXPGF,360
CM,11008
CO,4301
CP,37123
EMMS,6655
ARDC,12103
DIT,4
DIS,488881
CR,5776
CWYUF,120
CS,65476
DIV,1222
UKF,20
CU,9356
MDDD,25070
UKK,4
CW,20705
CX,993690
CY,80266
SVVC,3157
ARCX,700
ARCW,10181
DB,88607
DD,285957
UKW,100
DE,448675
DF,23734
LACO,5822
SVXY,36838
DG,1342472
DK,48796
FNMAT,500
DL,2441
DM,36125
DO,329782
DJP,18278
CGIX,4283
DQ,3425
HVYW,1000
FNMAJ,1000
DV,4969
DW,3447
DX,25165
FNMAG,100
DY,5591
WREI,956
MDGN,1650
EA,292977
NVEEW,1221
EDVMF,3700
EC,18922
GRBMF,29
ED,165685
EE,1796
LHHMQ,8251
WABC,2477
DKL,2275
EJ,185839
MDFZF,800
HEWA,49403
LRDC,5000
EL,37284
UMC,50418
DKT,1527
DKS,27025
AADR,2056
EU,322
FPRX,5319
EV,19660
UMH,6427
EW,18926
GSVC,35841
DLA,604
AREX,9784
DLB,10539
FB,3809756
FC,627
BDGE,845
FE,193655
FF,5804
ARGT,310
UMX,670
VOCS,1330
FI,4147
GSXN,5000
FL,73016
FM,31952
DLN,1788
FN,999
KODK,2615
DLS,6007
DLR,101433
FR,16434
UNF,1915
UNH,213883
FT,1334
UNG,436492
DLX,11023
UNL,1941
RSXJ,267
UNM,54287
BRPIF,500
UNP,194245
NGLE,1
DMB,6147
DMD,3859
GA,27588
UNT,3563
GB,559
UNS,27888
DMF,13113
GD,90571
GE,2461658
GF,5743
GG,574924
WRES,28908
AAGC,700
GK,399
GM,688365
DMO,5418
GS,201756
GT,127873
GV,6668
GY,97426
XUII,13333
HA,28933
DNB,19349
GUKYF,1669
HD,278058
MDHI,105000
HE,10154
DNI,202
HF,1507
WAGE,5658
HH,14900
HI,5828
HK,32509
DNL,10
HL,604373
DNO,300
ARIS,900
DNN,42069
DNP,30454
HP,38694
DNR,192931
HR,15763
HT,11533
MSBHY,32
UPI,600
ARII,6180
HW,8179
UPL,103070
HY,4012
ARIA,2321494
DOD,6242
ZARFF,10
DOC,384
UPS,101825
UPV,802
RBYC,5000
IF,3000
UPW,206
DOG,14727
IG,7550
WAFD,12972
MDIV,10994
DOL,1570
DON,8421
DOM,3550
IL,15101
IM,21722
NGLS,9070
DOO,3701
IO,59942
IP,119292
WRGL,10152
IR,121066
MGPHF,12550
DOV,25612
IT,7192
FINMY,578
DOX,22321
DOW,302527
IX,286
UQM,5250
CGNX,43271
DPD,1581
ULBI,1200
DPG,5760
JE,8725
RSYS,5110
WAFR,71000
DPM,2033
MDLZ,518015
DPO,4414
URA,14668
JO,11265
ARKR,802
DPS,59769
MUNI,9031
NGPC,267
URE,26704
DPW,300
URG,108279
KPELY,190
URI,56493
DPZ,12498
URR,2
RSO.PR.B,1300
AAIT,230
KB,3408
URS,10461
AAIR,1000
WAIR,3050
KF,2825
URZ,14699
MDMN,29000
USA,57351
KO,700491
USB,895920
KR,137391
NXPI,248636
USD,813
KS,14997
USG,135698
KT,11163
ARLP,3947
KW,2796
USM,3375
WRIT,1850000
USL,752
USO,394838
DRC,12512
DRE,118931
LB,33013
USU,10869
DRD,10965
BDMS,2
UST,1369
DRI,51101
LF,45168
LG,2122
DRH,39346
LH,33536
DRL,607
LL,11561
DRN,15810
LM,63575
DRQ,3382
LO,66131
GLADP,380
DRR,300
UTF,20517
DRU,775
DRW,512
EMXX,49307
KIM.PR.H,607
UTG,4225
DRV,7670
UTI,207
VOIS,116457
UTL,414
KIM.PR.K,447
HWCC,1096
KIM.PR.I,956
NGRC,4900
NXST,23946
UBS.PR.D,89
KIM.PR.J,300
ARMK,14722
PMXO,1000
ARMH,138873
MA,83523
ARMF,3265
MD,13700
UTX,215144
MG,415
NXTH,100000
DSI,1996
DSL,13363
HFBC,400
NXTD,103
DSM,30378
MM,68783
MN,414
MO,235657
DST,11170
HWAY,23123
MR,63344
DSS,13570
MS,593734
DSU,68507
MT,434407
MU,2130732
DSX,51511
AAMC,384
DSW,24723
MW,4990
MX,12347
TIBX,101689
LAKE,400
MY,69699
UUP,39348
TICC,8343
DTE,57597
DTD,3296
NC,107
NE,90434
DTF,6077
DTH,660
NG,243365
MDNT,333300
DTK,716
HWBK,142
ARNA,166773
WRLD,761
NI,48567
NJ,703
NL,2675
DTO,39618
NM,120433
DTN,5962
GTAT,360714
NP,3499
NQ,354561
NR,10668
NS,9231
DTT,2287
UVE,75458
DTV,204817
AROW,1467
UVG,2
NU,56100
LAND,1080
LANC,1458
NX,6035
DTZ,3000
NY,4
DUA,412
MUSA,8460
BURL,1600
UVT,226
DUC,1342
OB,2045
OC,29682
UVV,5830
DUG,1854
VOLC,17033
OI,42364
DUK,128896
UWC,215
AAON,2317
AAOI,705
NXTM,11221
UWM,45916
BKKLY,220
GTAA,1619
UWN,2201
DVA,354551
ULGX,1000
PB,10037
ARPI,31980
PF,22386
PG,353678
PH,31752
LAMR,10352
DVM,3408
BUSE,960
PL,14715
DVN,75738
PM,158169
WLCDF,100
KOLD,1138
DVR,19990
PQ,11151
NGVC,1859
AAPL,918546
PT,27313
DVY,94699
UXJ,1300
AAPH,29000
RCAP,601
BDSI,21012
UXI,3376
PX,50453
DWA,18770
ARQL,10386
SFEG,18000
SWFT,114762
MDSO,22598
VONE,3114
VONG,423
CUBE.PR.A,1384
DWM,3306
PEYUF,200
UYG,4217
DWX,20801
ARRY,77753
UYM,5020
VOLT,15974
GCAP,3541
DIISY,113
ARRS,67539
STBFY,132
DXB,1031
DXD,132532
RE,10720
KONA,1096
RF,386886
SWET,1000
RH,13344
DXJ,564712
DXM,954
MDRX,38368
RL,19876
RM,529
GCBC,36
UZA,376
RP,2799
KONG,13237
KOPN,2104
RS,8558
RT,7809
RTEC,2044
RY,25266
VOOV,1500
LARK,30
SA,15245
SB,40473
SD,828921
CWYCF,110
SE,65408
SF,12476
SH,73928
SI,32889
DYN,2328
SM,94701
SN,6332
SO,190345
ARSD,82
SP,817
SR,9
ST,17417
SU,123815
KOOL,5654
IIIN,1672
AASL,200
VONV,1574
ARTW,200
ARTX,72983
XDSL,2405996
TA,19822
TC,50658
TD,33014
TE,92059
ARTR,50000
TG,648
DZK,4808
UBSFY,1601
TI,5539
NUSMF,3400
TK,2270
SWHC,77178
VOOG,7301
TM,7185
ITMSF,26500
ARTH,10822
IIJI,400
ARTC,1488
TR,1911
TS,15824
TU,6422
TV,25417
TW,29087
LATF,6350200
KORU,635
TX,390
DZZ,56362
TY,1427
KORS,127988
TILE,17888
UA,27732
LATM,522
KORZ,85
HWKN,712
UG,651
ARUN,66471
GTHP,3050
UL,103986
ENBP,200
UN,104900
TILT,2221
ICLDW,27234
GCEI,50000
SWIR,88012
MDVN,29522
VB,76206
VC,36666
VE,10070
VG,31569
WASH,1063
CIOXY,292
IILG,4032
VO,31583
VR,74127
VT,42371
USCRW,28
VV,17097
MDYG,3542
TZOO,996
VZ,383398
PNCH,221439
WD,555
WF,210
AAVG,1000000
MDYV,1316
WG,2639
WH,402
ARWR,31194
DKAM,40000
ENDO,88450
ENDP,769156
WM,42322
RTIX,1485
WR,65988
WU,123698
WX,21201
MDXG,42734
WY,107373
SWKH,40
SWKS,231026
WACLY,46
GTIM,614
QQEW,12506
XL,40438
GTIP,22
VAC,6766
GTIV,12679
VAL,14384
VAR,21639
SFLY,8178
SFMI,69666
AAXJ,89871
VAW,8099
BNCIF,565
GTLS,21206
ENFR,400
TIPZ,322
VBF,2626
VBK,44803
AAWW,3460
ULST,5640
YY,116783
CYBK,50000
WAVX,2425
EAC,1091
WPPGY,3615
VBR,57520
EAB,684
TINY,10100
ZA,620
EAE,238
EAD,47210
ZF,4251
LAWS,1200
ZN,6182
RCII,10953
VCF,305
EAT,33436
ZU,7796
CYAN,1000
VCI,50268
ZX,3750
VCO,15
VCR,46977
EBF,2558
VCV,22850
CYCC,10765
NYCB,56873
SFOR,2070300
VOXX,9313
CYBX,4514
ULUR,1840
HZUVF,480
EBR,116815
VDC,29441
VDE,35021
EBS,25974
AUNFF,25750
ECA,124706
ULTA,822051
ENGA,360
CYNAF,28480
HUWHY,109
ECF,152
LAYN,2469
ULTI,9922
ECH,6849
PNFP,3591
RCKE,133510
RCKB,408
SFNC,1791
ECL,30590
ULTR,820
VEA,472640
WAYN,600
ECT,3545
CWGYF,4000
RCKY,2110
RBS.PR.L,232
RBS.PR.I,302
EDD,23563
VET,442
RBS.PR.P,750
EDC,590762
EDF,9057
RBS.PR.N,2357
EDE,11641
VEU,180759
RBS.PR.M,6404
TITN,14511
CHCR,12500
PNC.WS,3092
EDI,2714
RBS.PR.H,2468
RBS.PR.G,1866
CHCO,961
EDN,4710
RBS.PR.F,2
RBS.PR.E,1770
EDR,21626
VFC,156918
DKGR,1000
EDT,1300
CHCI,3300
EDS,2624
EDV,1524
EDU,33312
RBS.PR.T,6966
VFH,35607
RBS.PR.S,1330
EDZ,49855
RBS.PR.R,5
RBS.PR.Q,3055
VFL,1
SWSH,5123
EEA,501
EEB,3106
TISA,22894
CHDX,899
BEAV,330090
EEI,2061
BEAT,12634
VOYA,22078
SFPI,4000
EEM,9220471
TISI,1264
BEAM,28208
ENIP,51281
CHDN,586
EEQ,8749
EEP,23067
EES,4524
EET,1552
EEV,28962
VGI,2835
VGK,407196
SWRI,2000
VGM,21352
RCMT,4430
SWRF,20000
VGR,13155
EFA,1372524
VGT,39801
EFC,3442
EFF,53
EFG,26294
VGZ,33300
TIVO,109864
CHEV,2
EPGRQ,1500
OSGIQ,2264
EFM,110
EFO,2070
VHC,2522
EFR,21119
SFST,600
EFT,20823
RCPT,2146
EFV,32976
EFU,200
VHI,4436
EFX,6030
EFZ,180
CHEF,1050
BEBE,7112
KHOLY,522
CPTCQ,4001
SKHSY,242
VHT,25718
EGF,200
EGI,339
GLAXF,30
EGL,1634
EGO,365787
ASBB,600
EGN,18692
ASBC,25240
ANIMF,100
MEAS,2579
EGP,4592
VIA,1466
CHLKF,55
USCXW,28
BECN,5367
IIVI,8303
CHFN,381
EGT,200
VIG,153358
EGY,16198
RCON,2000
VIP,46422
CHFC,5818
SFRX,130500
VIS,32142
VIV,125894
EBR.B,14225
LSCC,7436
MEDL,1263
ABAX,4257
EHI,14981
TIXC,120
GAPWP,2
WSBF,31
LSCG,20
ABAT,8016
SFUN,32581
LBAS,1500
ASCC,13090
OIBR.C,1964
CHGS,1286
PEB.PR.B,203
QQQE,766
QQQC,1024
WSCE,1491774
DGEAF,473
CHGG,11867
WBAI,63828
EIA,2137
ENOC,23104
ENMD,9994
EIG,1820
CHC.WS,11500
EIM,21430
GTSO,50
EIO,165
ABBV,552428
NPSNY,23
LSBI,44
EIP,933
BEES,100
EIS,350
SWVI,35259
MEDA,500
WSFSL,300
EIV,4365
LSBK,200
VKI,21394
WSBC,5167
EIX,73221
LBAI,948
VKQ,10637
BNEFF,712
NCMGY,1954
ENPH,8474
ASEI,621
CHIX,46265
ASEA,2950
CHIQ,15747
ABCO,4539
EFLVF,1000
VLO,244324
ARFXF,12000
VLP,8215
ABCD,2000
ABCE,100
ABCB,303
VLU,2
CHIE,400
WBCO,722
VLT,3763
CHKE,40
PNNT,91338
QQQX,17200
VLY,51643
MEET,9829
HFWA,1623
ASFI,729
VMC,22723
CYLC,97743
MJGCF,6000
VMI,6923
VMM,1637
VMO,8301
ELB,1
ELA,1888
ELD,15862
WSFS,770
VMW,119866
ELJ,2025
CHLC,70
XVIX,400
ASGN,10057
KFN.PR,100
PNRA,5294
ELP,52516
ENRT,30000
ABEV,262351
TSYHY,52
ELS,34335
ELX,7472
NYMX,3200
CHKR,11901
ELY,21968
VNM,10477
CHKP,183004
SDSDF,1550
NYMT,32545
PNRG,8
VNO,27339
WSGI,28600
NHLD,3500
VNQ,710560
EMC,524650
ASFX,1652
VNR,23335
MEIP,1702
EMB,68391
EME,5257
ENSG,4042
EMD,8956
MEIL,800
EMF,23230
CHMG,612
CCOZY,273
ABGB,41
ASHR,25617
EMJ,1213
EML,400
SFXE,19192
EMO,10998
EMN,54996
NYLD,6825
CYNO,1067
FCNCB,50
VOD,467736
VOC,3334
EMR,90140
VOE,13370
CYNI,34588
ABFS,8438
PNQI,7689
EMZ,980
FCNCA,705
VOO,124920
MVIS,9102
CHLN,40
ENB,45114
VOT,9723
END,2643
WFC.PR.R,35200
ENH,8079
VOX,14223
GTXI,13982
ENG,1475
VPCOD,4405
IWDMD,3074
WFC.PR.N,6200
WFC.PR.O,1102
ENI,78791
ENL,1368
WFC.PR.P,2538
CYOU,4712
WFC.PR.Q,6148
ABHD,29951
WFC.PR.J,5326
WFC.PR.L,132
ENTR,15719
CHNA,100
ENR,12323
ENT,7034
ENS,8824
VPG,1083
ENV,3765
ENX,3226
VPER,1831101
ENZ,1105
ENY,718
VPFG,2221
VPL,71982
CHMT,34691
ASIA,10520
KUBTY,1124
CHMP,500
EOC,1240
PNTR,6777
VPU,14481
EOD,78946
EOG,78501
VPV,13408
CHMI,1300
EOI,17823
JMBA,3096
CYPW,124800
ENSL,200
UMAM,2250
CHOC,264
EOS,12560
UMAX,1000
EOT,4581
ENSV,2227
WSGP,2600
EOX,2994
ABR.PR.A,100
NYNY,1520
ENTA,4854
EPB,8665
CHNR,12769
EPD,82447
VQT,2245
SAN.PR.E,1408
UMBF,2428
SAN.PR.C,384
ENTG,8147
EPI,372359
EPL,13672
EPM,102
EPP,20507
VRA,16607
YHOO,678400
EPR,7127
LBIX,10000
BF.B,11038
BF.A,650
MVNR,1456
EPS,460
EPV,13050
EPU,4319
OKSB,681
VRS,185
VPHM,39144
CHOP,200
ABIO,11972
DNZOY,105
VRX,820980
ORSUF,23000
MEMP,64441
EQM,22793
EQL,619
VSB,127
EQS,14
EQR,78914
EQU,40628
EQT,37502
MELA,63711
VSH,9711
SHNZY,107
EQY,76593
LTS.PR.A,1
VSI,8810
MELI,19886
VSR,700
ERB,131981
ERA,2684
VSS,11440
ERC,39813
DKSC,10000
ERF,28134
QQXT,1621
ERH,4300
ERJ,40273
ENVI,16975
UMDD,4450
MYBUF,85
VTA,46298
ERS,44
VTG,9307
VTI,384085
ERX,24715
ERY,40047
ASML,55406
ASMI,1545
VTN,8151
MSADY,2570
ESC,21599
PCRFY,1965
MEOH,12425
VTR,94667
ESE,1658
ESD,13211
VTV,46913
ESI,9223
LFRGY,15
ESL,2921
ESS,43352
CYTX,37585
ESR,4899
ABMD,8646
PALAF,6382
MENB,300
VUG,59671
ESV,62253
CYTR,364111
VPIG,1000
ETB,9443
CYTK,2898
CHRW,76992
PALAY,2306
ETF,41
ETE,19930
NKG.PR.D,625
ETH,2231
ETG,11994
NKG.PR.E,6
MENT,28145
ETJ,25750
ASNA,285502
ETN,228041
ETM,567
CHRM,200
ETP,59429
ETO,6423
VVC,8570
ETR,80223
ETV,26020
ENZY,1882
VVI,160
ETX,2505
BRE.PR.D,1
ETW,26255
WBMD,3750
ETY,43939
NHTB,2000
NHTC,2425
LBND,75
VPLM,58240
VVR,81359
EUM,280326
CHSP,5954
EUO,108677
CHSO,250
ENTCF,31430
ASPW,55
ASPS,4900
SBMFF,200
VWO,2185328
BVSN,4850
LBMH,14800
EVC,38570
EVF,14021
SXCP,1498
PEGFF,2231
EVG,5724
EVJ,2003
ARWJF,1000
EVI,225
ENZL,552
EVK,200
CHTR,293997
EVN,4421
ENZN,72792
EVM,3019
SGBI,1075
CHTP,287536
EVO,3100
EVR,2575
EVT,19213
CEDTD,30
EVV,30468
VXF,34157
EVY,1183
EWA,264831
EWC,33577
EWD,40758
EWG,356416
BERY,5903
EWI,36016
BERX,1025
CHUY,3537
EWH,113744
VXX,903507
FRAK,3192
FRAN,13825
EWK,101283
EWJ,1078750
VXZ,6748
EWM,127353
SGEN,34304
EWL,70154
EWO,3269
EWN,28406
EWQ,33502
EWP,48968
EWS,78741
EWU,119354
EWT,313797
EWW,188003
EWV,19874
EWY,317873
EWX,2889
TIKRF,33
ASRV,346
EWZ,1009875
VYM,69921
EXA,252
EXD,15978
EXC,246901
EXE,200
NHUR,1
EXH,8681
EXG,77176
EXI,2217
EXL,3886
EXK,186562
BEST,50
EXP,15365
MERR,10000
SGDH,21000
EXR,22964
MERU,9315
EXT,1107
MYTAY,821
CHXF,602
SBMRY,714
FRCN,250832
LSTG,7295
ATLKY,106
GDEF,200
CHYR,1272
PEGRF,200
PMOIY,28
AKRRF,250
EZA,8842
METR,606
FRBK,1000
EZJ,490
ASTM,1378
ASTI,381861
EZM,6999
RDCM,14181
WLBPZ,400
CHXX,481
DOLHF,10000
ASTE,1395
ASTC,11192
EZU,134032
EZY,6
ABTL,8623
FRED,10281
FREE,747844
VPRT,5674
BCDRF,300
JMPB,175
GDGI,101400
WSTC,801
FABK,4610
LSTS,2600
LSTR,3379
WSTG,4240
QABA,5448
UMNG,1015000
LBSR,80439
TKRFF,2000
WSTL,20475
RDEN,1676
ROIAK,8007
MET.PR.B,3694
PEXNY,4605
MET.PR.A,1736
FRGI,5227
RDHL,2304
PODD,9274
QADA,3564
GUID,3819
QADB,400
ABWG,5014
WAC,22811
FRFS,52000
KPTI,12626
WAB,11882
WAG,198995
UMPQ,22653
OLBK,800
WAL,6341
GULF,1729
WAT,11264
SGMA,700
SGMO,68772
ASYS,963
WBC,3264
SGMS,3904
WBK,12468
FAB,3974
FAD,2
FAC,914
WBS,14585
FAF,27664
SGLB,184062
FAN,12694
FAM,9194
WCC,4652
FAS,122930
RDIV,200
DLBS,500
FAV,2000
WCG,7132
QRHC,1000
JBAXY,14200
NECAE,1115000
FAX,51211
GKNLY,1102
FAZ,308609
WCN,6215
FBC,3360
ZLCS,8654
FBG,2084
SGOC,990
POGS,500
GUNR,1342
FBP,9098
FBR,35915
SGOL,6948
WDC,98158
FBT,9271
OLED,74530
HGPI,10
MOG.A,2267
FBZ,6
WBXU,1500
WDR,17856
FCA,201
STRNY,600
FCF,9559
FCH,34209
FCG,25937
FCN,5074
WEA,1934
FCO,2280
WEC,61218
FCT,3254
FCS,17686
FCX,590013
SGNT,4047
HOCPY,23
WEN,3692539
FRMC,162803
RGARF,1000
WES,8882
DLGC,3500
FRME,1606
NICK,1181
FDD,9448
FDI,939
WEX,1016
FDM,1238
CICN,5
FDL,17084
FDO,44867
FDN,201292
FALC,810
FDP,2511
CICI,6000
WFD,426
FDS,21183
WFC,1064296
FDT,2442
KWIPF,500
FDX,183403
RDNT,2400
WFM,84465
WFT,107778
DBEXF,30
CZFC,600
FEI,7584
FEN,5336
BFAM,2018
FEM,4843
FEP,13690
WGA,100
CIDM,4300
FEO,1740
FET,4337
FES,3733
FEU,17269
FEX,4460
NICE,9620
FEZ,141066
WGL,6422
WGO,10742
MWAR,62
GURE,41982
FFA,10220
DLIA,11085
WGP,2720
FFC,11429
FFG,1144
ROICW,4938
SGLFF,1
CIEN,91493
GURU,66930
FFR,96
FANG,6221
WHF,97
WHG,314
OLIE,110461
SCPZF,1000
FGB,1668
WHR,23789
BWEN,18097
FGD,8454
GDOT,45184
FRC.PR.E,982
DLHC,50
XIDEQ,19898
DASTY,2193
CTZ.PR.A,200
WHX,13337
FRNK,47
WHZ,14328
FGL,6052
FGM,516
WIA,7810
FGP,9861
WFREF,500
ATAX,5702
HGSH,83750
DASTF,550
ROICU,97
ATAR,3400
CIFC,29
FRC.PR.D,1
WIN,327642
FRC.PR.C,337
FRC.PR.B,6854
WIP,16192
FRC.PR.A,1734
WIT,8357
BYDDF,1023
WIW,8745
XWES,555
RUSS,375
ATCH,4000
WIX,22575
ACAS,78360
ACAT,8537
FHN,29134
LCAV,244
AAUKY,2263
RUTH,45448
RBCAA,570
URPTF,1304
NIHD,193367
FHY,1670
BFDI,2000
ACAD,38497
FIF,2498
SGTB,250
FIG,26700
FII,19022
SGTN,120
BYDDY,500
FIO,142090
FIS,44590
ABGLF,100
FIX,8209
WTBA,1582
FIW,7530
PCRTF,200
RUSL,830
LTBR,9558
EONC,310
EOPN,1384
GRDLY,20
ACCU,331
WLB,1995
FJP,537
COCBF,1000
FARE,16300
ATEC,1727
ACCO,32339
ATEA,600
POPE,215
WLH,756
ACCL,5363
FARM,1484
WLL,76389
WLK,7599
FARO,7751
WLP,95664
WLT,379131
RDSH,3000000
FKO,2152
WMC,23102
WMB,148628
ACDU,435000
FHN.PR.A,251
DLLR,122103
FKU,1875
WMK,149
POOL,8138
KDDIY,7158
FLC,2775
OSHWQ,1000
WMT,747732
WMW,1548
ACFC,1100
IHLDY,128
FLM,4
FLL,1000
QASP,998590
FLO,25483
FLN,600
FATE,40995
FLS,42850
FLR,38747
SGYP,111194
WNC,11380
ACET,66314
FLT,343885
NILE,1353
FLY,25513
STAR.PR.G,1000
WNR,71886
ATNAF,300
FMD,629
FMC,36534
SGZA,3463
WNS,598
FMF,1328
DLNG,6401
WTER,96721
FMI,1423
LFDEF,2500
FMK,2
FMN,3869
ATHM,29293
ATHN,4538
FMO,8475
ATHL,5687
FMS,6968
FMX,7819
WTFC,8183
CZNC,1751
MWIV,1784
ACFN,10084
BELLY,260
BFIN,88
CLNY.PR.A,300
FNB,18865
WOR,5947
FAST,130454
FNF,177138
FNI,535
CINF,17930
FNK,2012
ACHC,3044
SCBFF,884
POST,12072
NIMU,15000
FNP,28645
WPC,6220
FNV,52529
FNY,218
FNX,1830
BWLD,6959
CIMT,35657
WTII,1750
NINE,3400
WPP,14028
POTG,16353
ACGL,14802
WPT,303
ACGI,500
WPS,1403
FOF,4622
ATHX,240512
FOE,16792
WPX,154804
DLPH,48697
WPZ,15862
UNAM,805
LPRIQ,50000
FOR,2714
AXS.PR.C,616
AXS.PR.D,2278
POSC,30
RDWR,16311
FOX,142866
GDXJ,121589
AMIEQ,8
STL.PR.A,200
FPA,3080
ACHN,64287
LTHU,114924
FAUS,206
FPE,8074
FPF,3808
MFLX,642
FPO,3841
WRB,3868
FPP,300
WRD,1241
FPT,5048
WRE,25306
TRYIY,10
ACIW,4122
WCIC,313
WRI,20490
FPX,20179
WRN,1688
BFLS,100
DLTA,1000
ACIM,1232
STTYF,200
WHITF,950
ATLS,15101
ATLO,737
CFR.PR.A,100
IKAN,9700
WSH,24735
WSM,210663
WSO,3161
ATLC,436
FRA,15456
FRC,22475
WSR,11938
YINN,19389
WST,4625
FRD,400
FRF,4421
FRI,4
FRM,10057
FRO,215177
FRN,3886
ZLTQ,20854
FRP,11050
FRS,12
FRT,10533
ATML,223695
FRX,54767
WTI,19759
ATMI,3540
WTM,515
WTR,30126
FSD,8282
WTT,117
FSC,82621
WTS,2832
APAJF,1254
WTW,53011
FSI,100
FSL,19158
LTNC,53557
SYBT,1835
ATNY,1522
YIPI,2500
FSM,14540
FSP,9807
CISG,13580
FST,99352
DLTR,659745
BELFB,967
FSS,10512
SYAI,5333
MFNC,60
FSZ,244
ATNM,245
ATNI,654
POWL,444
FTA,3024
POWI,7851
FTC,2240
FTD,1628
ACLS,70214
BFOR,7410
FTF,12348
POWT,1000
FTI,26850
UNFI,10149
FTK,20444
POWR,1326
ACNI,570
FTR,12444516
FTT,2223
LCNB,535
ATOS,15225
FTY,1202
FUD,420
POZN,63359
ACMP,3801
HYEM,6174
FUL,1494
UMH.PR.A,100
FUN,16229
SSAAY,20
FUR,2187
WWE,16228
WWD,9861
FVE,11613
FVD,12172
WWW,65540
FVI,150
SHBI,4500
FVL,1860
DLYT,12250
MFSF,600
CZWI,600
LTRE,200
SHEN,3681
ACOR,6731
SNV.PR.C,561
FWM,16735
MFST,4900
HYGS,6779
RVBD,47849
HEINY,3800
IKGH,2500
COSWF,1475
FWV,4
UNIS,21880
SPHRY,14
JGCCY,1528
ATRS,232812
WYN,166122
ATRO,2013
FXA,5276
MFRM,11682
ATRM,601
FXC,3110
SYEV,20698
LTPZ,262
FXB,2434
FXE,23114
FXD,4415
REAC,2200100
MFRI,30544
ATRI,86
FXG,8201
FXF,5344
FXI,1238303
WYY,39438
ACPW,8390
FXH,16902
ATRC,1513
FXL,18420
FXO,8012
FXN,1542
FXP,34227
FXS,20
FXR,10332
VLKPY,1848
FXU,33889
FSBW,1445
FXY,34976
FXZ,1757
ACRE,2155
DRETF,2067
EYUBY,100
REDG,45350
FYC,1132
REDF,2000
HYII,3928879
LTTC,10000
ATSG,2094
CVXHF,1000
QBAK,40
WTSL,34479
FYT,3187
FYX,2022
APAGF,339
MFTH,1000000
ATTU,55698
ACRX,46412
FSBK,160
RECN,26269
JNMB,2
GEFI,600
EPAX,4209
LTUM,2100
EPAY,3690
LGL.WS,2500
RVGD,47
ACTG,5919
NZTCY,24054
ACTC,1000649
USB.PR.H,1925
REFG,7502
REFR,35441
USB.PR.N,1820
SHIP,300
USB.PR.O,201
USB.PR.M,569
ACUR,17168
REED,11357
EPAM,3039
ATVI,369627
GLCNF,600
ACTS,812
NEWEN,353
HYMB,1658
WCUI,10700
FSGI,309
RNR.PR.C,52
LTXC,9418
RNR.PR.E,400
OMAB,1913
SYMC,253284
UNQT,900000
PPBI,68
JNPR,201748
SYKE,1911
ACWI,89942
AKBTY,7857
HYLD,14074
PPBV,31000
BRRAY,190
REGI,15986
LCUT,1610
FSFR,108
SYLD,14511
XAA,1
HYLS,650
TKMR,995
REGN,35984
SYNM,10762
ZFSVF,52
SYNL,1226
FSNMQ,1
XAR,2848
ACXM,13415
SYNT,2284
SHMN,25000
BMSPF,10000
NBG.PR.A,1301
ACWX,6242
XBI,14205
SSREY,400
ACWV,3351
GAB,67443
VNRAP,400
VGMNF,561
DDMGQ,641
SHLD,769909
GAF,570
GAI,202
MMTIF,30243
SHLM,8278
GAM,2592
GAL,452
ACYD,642635
SYMX,13200
GAS,18982
SZEVY,202
REIS,1526
SYNC,7560
SYNA,125257
SHLO,6286
GAZ,5260
XCO,70654
EPHE,35984
GBF,255
FBIZ,1600
SYPR,5000
GBL,931
SHOO,10821
RELL,546
GREEF,85090
GBR,775
OMED,3815
RELV,604
GBX,11960
SHOR,96912
SHOS,2076
OMCL,11388
ECTYQ,409
BMBLY,1
QSII,7358
GCA,20961
GCC,3552
FBHS,34121
RVLT,73867
GCI,54617
OMCM,30000
GCH,814
UNTD,3029
EPGL,20000
GCO,10417
JNUG,29160
CSNVY,1
UNTK,50
XEC,45337
GCV,1499
XEL,77040
GENT,29352
XES,8232
GDF,4056
RENG,2000
EANRF,6000
GDL,2372
GDP,65080
HYSR,461884
GDO,4688
RENN,50673
GDV,4599
GDX,3143349
PPJE,286000
RENT,302
PPHM,79283
GEB,3479
GEMS,34
GEF,2001
SHPG,22744
GEH,575
GEK,6521
OMER,5859
GEL,5456
GEO,31338
SHPR,1267
FSLR,245115
GENC,1000
GEQ,3517
EPIQ,770
OMEX,37411
GES,25014
GENE,1720
REMX,1148
REMY,75
GEX,936
SYRG,1656
SPIHF,200
NJCB,800
FBMS,505
GFA,120985
GFF,9652
CJES,8394
GFI,327476
GFN,800
FBNC,606
XHB,220403
XHE,841
CHSP.PR.A,394
FBNK,5793
GFY,448
MGCD,200
XHS,360
MGAM,12849
GEOS,1948
GGB,281552
GGE,2187
GGG,6595
PRE.PR.D,608
UNXL,164689
PRE.PR.F,379
TCO.PR.J,1093
SHASF,2500
GGM,121
FSNN,5000
BGCP,27935
PRE.PR.E,1870
TCO.PR.K,712
GGN,53528
GGP,162649
GGS,17499
HHSE,9500
GGT,12378
FBMI,800
XIN,22900
BGCA,336
PPMT,2500
GHC,584
XIV,365829
FSNUY,27
ADAT,8063
GHI,14015
GHL,3171
GHM,178
WDAS,172200
GHY,8682
MGEE,1456
GIB,31044
SYUT,18946
TETAA,88
GIG,13790
GII,928
GIM,127231
FSPM,29609
GIL,7501
AUDC,23290
PPLT,7255
WBS.PR.E,317
GIS,106272
RVSB,54
WUBA,25275
SHALF,2500
GERJ,18
ADBE,436454
GERN,130794
DNIYY,160
GERS,30970
BCEKF,1000
VTSYF,400
HHWW,29
BGFV,3197
FBRC,1739
RETL,1078
XLB,501687
XLE,471922
GJT,2900
XLG,2255
XLF,1016265
XLI,481017
XLK,393233
ARH.PR.C,1236
FSTA,13347
XLP,424691
XLS,30291
DMND,12391
XLU,606305
XLV,1752971
XLY,263716
GMXAY,100
EPOL,5909
GKM,202
WDAY,123653
DMLP,1169
EPOR,5600
RESI,6658
ORFLY,100
FSRV,2295
GETG,1000
ISMAY,51
XME,62134
GLD,462412
CJJD,5400
GLF,1309
VABB,207
GLL,10016
EPRO,132
XXII,13459
GLP,388
REVO,217857
GLO,10864
GLQ,2326
GLT,4851
ADES,1820
KABX,1073750
GULTU,2150
GLV,2546
MGIC,2430
ADEP,52402
GLW,285859
TRC.WS,7
GME,386650
GMF,1587
FPTOF,20000
GMK,1169
AAGIY,688
WDDD,2010
GMM,293
GML,822
GMO,42450
GEVA,1553
FSTR,659
CYRBY,4377
MXIM,130314
ADFS,800
GMT,4039
XXIA,22648
GMZ,12100
GEVO,53268
XON,14290
XOM,526664
XOP,278496
FBSS,398
GNC,23419
GNE,3360
ADHD,24001
REXI,2557
GNI,4553
GNK,98581
KADR,20000
GNR,3682
REXR,334
GNT,17862
XPH,5252
GNW,169200
DVSPF,200
TPRFF,200
REXX,13378
KRFT,138310
XPO,32382
XPP,5651
DMRC,1378
GOF,992
DRGDF,5782
WDFC,3081
DMPI,2100
BXMT,20514
GOM,533
GOL,104871
KRED,46175
GOV,11489
SALDF,3525
PPSI,200
JOBS,2519
GPC,14058
MTB.PR.A,100
CPXGF,1
GPI,2505
WTKWY,264
GPL,140818
BGMD,70868
GPK,164524
GPN,21831
GPM,11211
FSYS,11719
XRA,15626
GPT,11137
GPS,1908765
GPX,1536
JOES,10000
XRM,4793
JOEZ,36865
XRS,15882
XRT,220455
XRX,392722
RPAI.PR.A,1
XSD,2340
NORSB,700
GRA,112545
MGLN,4940
GRC,677
XSW,1330
DMSI,10000
GRI,1406
MGNX,1261
GRO,340
GRR,930
GRT,22856
GRU,600
AUMN,24104
GRX,530
XTN,845
GSC,400
GSB,700
GSE,2830
GSG,72978
BGNN,101
GSF,5311
GSI,1210
SIAF,63162
GSH,2331
MGON,70000
GSK,131135
LUNA,7430
GSJ,3104
GSM,5207
GSL,737
ADMD,5000
MMRSF,10000
GSP,400
GSS,212095
GST,99927
XUE,14643
CDUAF,100
GSV,3201
GSY,478
OMTK,4450
LULU,140761
ADLS,1
GTE,23491
GTI,19358
GTN,44860
GTT,503
ADNC,3956
GTS,716
GTU,5417
GTY,477
QPTFF,1000
GUA,45
ADMP,6959
MXSG,63000
AUNZ,36
HIBB,1700
ILED,10000
KYN.PR.F,1000
KYN.PR.G,6
GUR,3227
SIAL,43083
GUT,1903
KYN.PR.E,216
YAHOY,75
SIBC,200
GVA,5618
MGPI,156
GVI,8186
EPZM,8745
GVP,500
GVT,1122
CRMBW,2000
VALE,2375052
KRNY,59
KAMN,895
RHWKF,10000
VALU,39
VRNG,70712
GWL,2261
GWBU,200
GWR,16744
GWW,8088
GWX,29680
XYL,39407
MILL.PR.C,1400
MGRC,2927
GXC,13844
VRML,1580
GXF,5345
GXG,700
TLGN,74
KALU,2077
GXP,50973
LDOS,26975
ADRE,6863
FEEDQ,965
FCAN,2659
ADRD,1219
FCAP,30
ADRA,2
LDRH,10995
XGTI,1539
SIFY,2900
SIGA,3152
AUSE,58
SIGM,14395
SIGI,1411
FCBC,2377
JONE,3222
GFED,400
FTCS,1618
REMYF,200
ADSK,222920
HEI.A,1956
VRNT,18253
HIFS,368
ADRU,2620
SIFI,601
GZT,400
ADTM,5500
ADTN,6031
VAPR,26825
HIIQ,1141
FCCN,1500
FCCO,600
HIIT,32100
FTEC,17313
FCCY,200
FTEK,43021
QCCO,1000
TLLP,4126
LUVE,14038
IOPDQ,500
MXWL,17405
HIHO,270
IPSEY,4179
LDSI,100
IVR.PR.A,1731
HDELY,34
VRTC,2300
FCEL,425797
ILNS,25000
FTGC,400
MCEEF,45
SLG.PR.I,5600
ADVC,440
VRTS,1220
VASC,7618
VRTU,3935
MGYR,700
GFIG,1018
ADUS,6510
KRSL,300
TTNDY,27
ILMN,37450
QTEC,1489
NEVDF,3937
WDTI,2104
LUVU,500
AUXO,600
AUXL,39976
GWIO,5025
VRSK,26107
ADVS,13900
VRSN,124121
ADXS,6337
GASNY,30
YAO,777
HIMR,8060600
HIMX,960219
SIMG,13366
SIMO,4638
FCHI,800
HILL,19674
DNAX,570724
AVCVF,1000
HILO,3850
VRTX,49204
FCFS,1836
SILC,4375
HAE,24024
VASO,4000
RFIL,4382
HAL,226253
TOOTQ,1000
JOSB,13109
HZNP,185832
HAP,946
TLOG,24349
HAO,5237
HAR,17332
KATX,194
OCZTQ,378008
FCGD,35
HAS,651023
HAV,4521
YCL,530
JOUT,301
YCS,23979
NLY.PR.C,184
NLY.PR.D,1062
NLY.PR.A,2983
HBI,21256
WRB.PR.B,537
HBM,1100
AESAY,17188
HBP,1207
GFMH,10000
GDP.PR.D,521
HCA,107191
FCHS,1400
HCC,10608
ONCS,331026
HCJ,100
HPHTF,100
HCI,5116
SINA,96417
ONCY,12600
HCN,110706
DNDN,259362
HCP,78417
DNDT,5307
HDB,21775
GWPH,14635
HDG,22
TLTE,250
TLTD,765
TKTDY,2
HDS,78107
GMETP,8
FCLF,400
HDV,16072
HDY,24
HIPP,8500
ONEK,54
SBOTF,25430
HEB,93164
ONEF,32
RFMD,149544
HEI,5274
ONEQ,8535
HEP,4820
ILTB,156
RFMK,3519512
HEQ,2311
PBR.A,2332957
YGE,799035
HPT.PR.D,1992
HES,101262
ONFC,600
EQIX,35931
BYBK,600
FCMP,2289
GWRE,9133
HFC,95925
FORTY,660
TRNO.PR.A,240
PCCWY,20
CKEC,4140
HITK,841
IAXFF,1850
ZNGA,519127
AVBH,400
HGH,218
MYCC,11532
HGG,4537
GFOX,3200
SIRI,2430629
HGI,1020
SIRG,50000
QCLN,3710
HGR,1320
AVAV,17726
HGT,27147
FTNT,194181
SIRO,15831
HHC,6378
LEAP,38329
BYFC,200
DNKN,145097
CEFLF,2250
QCOR,85589
HHS,2370
FCPG,7870
QCOM,3009342
GRH.PR.C,26
HHY,3551
MYFT,1000000
HITT,1061
HIH,576
HIG,118612
HII,14082
HIL,1154
HIO,16135
SITS,40000
HIX,26602
HIW,24204
SITO,2000
FCOM,3639
LEAF,18849
AVEO,22412
LECO,11317
FTSL,559
HJN,2
VLKAY,4385
MHGC,2943
EHTEQ,210
HJV,300
VSAT,1971
SZYM,111794
ENDTF,4500
SIVB,10380
WEAT,56
SIVR,26109
TLYS,11767
MYGN,152356
AVEW,773285
MHFI,90816
DGWIY,625
HLF,70046
AVGO,89519
VSCI,4246
HLS,7696
HLT,45414
NDBKY,102
HLX,6708
ITOCY,26
HMA,149359
HMC,8713
HME,15487
VSBN,1
HMH,3554
HMG,611
VLKAF,10
FLIDY,113
AVHI,1043
HMN,10869
FTTN,2000
LEDS,4000
QCRH,1700
FCSC,5347
HMY,273573
ONNN,866116
PRPCF,20000
HNI,2988
HNH,140
BASFY,3645
AEGY,12869499
FCVA,1200
HNP,1321
KLNDF,4190
HNR,27355
YPF,25777
AVID,6759
HNT,11423
HNW,1951
AEGR,38890
AEGN,6484
HOG,39899
FCTY,700
BHLB,542
HON,75944
SIZE,3
CMO.PR.E,3000
HOT,33869
HOS,5589
GXYEY,45
HOV,311396
AEHR,900
VSEC,1668
GXYEF,4944
AVIV,1173
HPF,2975
HPI,10083
VBFC,600
MYNG,200
HPJ,6200
FBNIQ,11199
HPQ,779633
HPP,2516
HPS,5483
HPT,26806
AEIS,18375
HPY,4442
JPEX,4147
ONSM,50
HQH,8565
HQL,3927
QTWW,65759
QTXB,2500
MHLD,13602
HRC,21319
HRB,87607
IMAX,3696
HRG,4365
ONTY,13470
IMDC,500
HRL,27817
FCZA,527
ARE.PR.E,2201
ONTX,9061
HRS,13031
HRT,2833
DRE.PR.L,2554
DRE.PR.K,1200
DRE.PR.J,2252
HSA,29011
HSC,2840
HSH,12106
KBIO,25421
AVNW,8588
HSP,28919
AEMD,55340
AVNR,74271
HST,201691
IMCI,300
MHNA,3458
MHNB,917
HSY,30108
YUM,101430
PPS.PR.A,200
LVLT,19951
HTA,25619
MHNC,4264
MTZPY,186
HTD,13100
HTF,400
CLLZF,500
HTH,18941
HTM,7300
MYRG,3352
HTS,47693
HTR,11375
HTY,1641
NVZMY,41
HTZ,799090
CKSW,6000
BYRG,155000
MYRX,125
ATPAQ,8250
MYRY,300000
NKTR,20364
HUN,140694
HUM,75285
LEMB,1437
AETUF,700
HVB,346
NKSH,611
ONVI,100
REPYY,541
ONVO,576479
AEPI,1458
HVT,982
CALVF,2
TMHC,14771
FIATY,184772
MRH.PR.A,143
UPIP,287045
NWLTF,600
IMGN,33687
GGAL,11773
KBLB,22377
ARZTY,28
YYY,4760
HXM,8562
HXL,37118
YTBLQ,10
YZC,60967
AERI,2306
ISNPY,1590
AERG,7000
HYB,14205
HYD,43938
LVSY,30
HYF,43970
HYG,80990
VSPC,5000
HYI,9458
FUELQ,1050
QUAD,729
HYT,32155
HYS,22948
OSKFF,2470
QUAL,40414
FUBC,3293
TBLMY,390
QUAN,8728
EPM.PR.A,10
AERT,1014
AVTC,600
MHTX,1335
HZO,624
AERO,5778
PRAA,14171
AETI,1278
WEST,118419
PRAN,21172
ERBB,19696299
AMKBY,210
UNICY,3500
FUEL,9758
WERN,14189
RGDO,10
JPNL,240
JPNS,10
MCHHF,300
RGDX,400
RGEN,47917
BHWX,1100
PCWLF,200
CICHY,974
RXII,497
PAAS,184420
PRCP,16580
QDEF,3000
SHTDF,2500
JSHLY,100
VSTI,2000
VSTM,5052
QDEL,3584
EPR.PR.F,101
GGGG,1
WETF,81099
IMMR,7821
IMMU,164797
TMMI,2500
SHCAY,7
AVXL,7345
WVVI,700
FDEF,604
IMMCQ,17000
PACW,5070
PACR,2540
PACT,14180
IMPV,3106
LEXG,34000
VLNCQ,21022
ZBB,5491
RCKHF,70
SEKEY,200
OOAG,10
PRDC,50
SOHAF,4000
IMOS,9425
IAE,11137
IAG,541148
PRDL,230000
IAF,10931
IAI,19420
IAK,4630
PACB,18842
PACD,18063
IAU,582979
VSUL,1500
IAT,12451
UPRO,196795
WEYS,647
KBWC,439
KBWB,1962
AEZS,133770
KBWD,4883
IMRS,6020
GGLR,5000
IBB,41745
FDIS,11986
IBA,1200
ERHE,9850
KBWI,3340
RGLD,68629
PRGS,13910
PRGN,23852
PRGO,62016
KBWR,2030
KBWP,1475
IBN,86686
IBM,344854
PRGX,1028
IMSC,10385
RGLS,2309
KBWY,1552
QUIK,72595
ICA,9967
ICB,268
ICE,62757
ICF,15318
ICH,300
CLBH,203
SJNK,45341
BCGYF,50395
PRFZ,18082
PRFT,21771
ICN,1800
HJOE,123341
PRIM,26915
ZEP,396
CLCT,4506
IDA,8382
IDE,13653
CLCN,200
IDG,273
IDI,1000
IMUC,55609
IDN,186
NDEKY,5
ZFC,1093
IDT,2026
NTCXF,560
IDV,52950
IDU,10591
IDX,3991
CLDX,74882
WHLKY,250
CLDT,2151
IEC,285
ERIC,251625
CLDS,285
ERIE,2349
IEF,25356
IEI,100785
CTTAY,3259
ERII,43047
IEH,441
FULL,3050
IEO,11050
PAGG,4
IEP,33449
FULT,26170
EAHC,1535
IEV,89019
IEX,4178
IEZ,12301
VSYS,3000
PAGP,22986
IFF,32627
PRKR,28337
QUNR,10336
IFN,6553
IFT,249
BZCN,453
PRLB,11239
IGA,12811
IGC,10
FUND,3961
IGE,16991
IGD,39148
OOGI,100
IGF,1796
QUMU,1201
IGI,3677
IGM,8637
TMUS,560104
BICK,1800
AWAY,38976
IGN,4356
AGIIL,2
IGS,440
IGR,19190
IGU,900
IGT,86677
FDMF,235000
CLFD,52857
IGV,7726
QUNI,2080
ELPVY,200
FDML,12690
GDOCF,16965
RGRA,7949
IHD,15660
CLGX,5511
IHC,16
ZIV,22720
IHF,5738
BIDU,1337429
IHE,3232
IHG,6122
MIDU,21914
PRMW,529
LFAP,100
IHI,98127
AFAN,1000
AFAM,1221
CLGL,216431
PALL,5119
IHS,7025
MIDZ,1600
IHY,938
GGSM,270000
FIADF,1710
RGRX,8332
LWAY,586
SSW.PR.C,101
IID,3599
SSW.PR.D,1000
OOIL,67112
IIF,3910
III,5356
IIM,9012
BIEL,1316000
UPZS,15413
MZEI,6000
MIDD,6297
VIVEF,500
GOODN,201
WWAV,32730
GOODO,2
FOSUF,3000
IJH,90388
IJJ,15210
DOMK,2000
IJK,19767
PROV,811
CLIR,9084
PROW,31000
ZLC,38346
IJR,153075
IJT,25478
IJS,33152
ZOLT,5170
AFCE,11670
AFCB,200
PRPH,2992
PANW,84568
EROC,35533
EROS,733
ZMH,83891
FURX,1141
BIGG,147122
PAMT,1144
ILB,4
ILF,59605
DYN.WS,27
DOOR,3550
ENEVY,900
ZNH,1090
VCBI,1533
FDTS,18
ICPVY,25
IMF,500
KCAP,12181
IMI,12222
IMH,1045
AFFY,4210
AFFX,23342
KTCC,2721
IMO,7808
IMN,7004
MNHVY,18
FUTU,12
AFFM,60
STI.PR.E,1118
EAPH,10300
FUTY,7290
RGUS,5000
STI.PR.A,100
TOSBF,948
INB,7832
AES.PR.C,2205
IND,3942
BIIB,69416
EAPS,4123
INF,4121
VTEQ,988
ING,65558
PARA,1100
PARD,20283
PRSS,2074
INN,26737
INP,721
PRTA,8135
GMICF,143
INO,721374
INT,3640
CLMT,19037
PMTYF,10
CLMS,4565
PARR,5000
INZ,2934
INY,282
PARS,400
IOC,22938
DD.PR.A,100
COUGF,2500
NLNK,5036
IOO,42836
CLNY,21819
IRLBF,140
CLNT,3472
ZQK,24962
PRSC,1361
EARN,317
ZOOM,36170
FDUS,23308
IPF,1100
IPE,3288
CLNE,85692
PATH,12211
IPG,69350
MILV,24515
IPI,40522
IPK,620
IPN,400
TNAV,916
IPO,1162
PATR,1440
INBK,1000
RHHBY,93505
PATK,754
INBI,4000
IPU,400
BZNE,11265
IQI,14306
BIND,4597
PRTX,100
PRTS,5422
DORM,9977
PNC.PR.Q,1729
ERUS,9804
PNC.PR.P,5095
ZSL,18465
BACHY,418
INAP,10049
MILL,10768
IRC,8651
IRF,8782
IRE,48296
IRG,1116
INDB,5038
BIOF,2440
IRL,2206
BIOD,46426
IRM,25132
MINT,6615
TAYCP,2
IRR,34164
ARKAY,15
IRT,700
SCTPF,300
IRS,1593
IRV,370
QDYN,363
VTIP,8820
INDL,9960
IRY,850
PRXL,17079
PRXI,600
INDY,4155
ZTS,149888
ZTR,1293
ISD,8895
ISG,1577
ISF,1080
ISH,5529
VITFF,1500
VTHR,77
CLSI,56000
BIPH,7331
ALIOF,160
ISM,200
ISL,13587
PRVT,2039
ISP,3830
ISS,4065
ISR,1675
IST,300
CLRX,332
MINI,16038
ELRNF,1225
INCO,300
BIOS,12130
MZOR,43638
ITB,160948
MIND,363
BIOQ,100
ITA,14290
MINE,258400
INCY,21520
ITC,6350
CLRO,2969
ITF,2486
BIOL,34634
ITE,102
IMKTA,5455
ITG,23599
ITI,600
TETHF,5000
INFA,15299
ITM,14087
ITR,6722
ITT,19442
INFI,24758
ITW,93116
INFN,76190
GTKYY,12
JASMY,15
PAYD,29700
NHPEF,576
INFY,24327
CLSN,7554
TNDQ,600
TNDM,9397
PAWS,30000
CLUB,800
VCIT,36629
IVC,7415
BPOPN,6
IVE,28122
SKBI,4610
IVH,600
NLST,360
NLSN,88466
TNGS,125
VCLK,20873
IVR,48939
TNGO,10985
TNGN,13500
IVV,278187
IVW,30529
IVZ,62667
LINTA,88564
WWPW,8770
IWC,7921
IWB,12250
BIRT,8441
IWD,39979
AFOP,19867
IWF,153646
VTNC,176265
DGICA,31
VCLT,13785
IWM,3072309
IWL,1390
IWO,103758
IWN,68360
IWP,16910
IWS,19058
IWR,45962
IWW,919
IWV,27355
IWY,374
IWX,117
BITA,81611
IWZ,1778
INGR,20211
AFPW,500000
PAYX,95699
IXC,9976
KCLI,521
AWRE,1000
IXG,2150
CLVS,8475
IXJ,2830
VTMB,4091801
BISN,6491
IXN,5770
IXP,2345
GHDC,222834
IYC,6934
GHDX,3700
IYE,12499
IYG,5559
IYF,15801
IYH,47002
CLWT,3333
IYK,6000
IYJ,23756
IYM,75871
IYR,565422
AFSI,84226
IYT,19316
IYW,14499
IYY,22159
AFSD,2639
ININ,1727
MITD,500
VTNR,1000
SYCRF,4000
IYZ,40205
INIS,20900
KTOS,75986
MITL,37813
ITPOF,1229
TNIB,200
MITK,16713
MITT,8010
TECUA,986
TECUB,805
CPICQ,1400
GBGLF,25828
VTRB,205
SUHJY,100
TNKY,25
KEYUF,100
ESBF,250
PSAU,3200
FCREY,23
ESBK,682
VRNGW,8300
INKM,531
BZYR,350
ELRFF,700
PSCE,1608
PSCD,13091
INNI,2000
PSCF,2
PSCC,1506
PSCM,1434
PSCI,1532
PSCH,6414
FEEU,1670
PSCU,174
PSCT,3121
LFVN,25859
ALIAF,31560
INOD,8017
GFSZY,100
INOC,2009
INOH,1000
PBSFF,5
ESCA,252
BIZD,6461
VCRA,22573
EBAY,527367
VTSS,6115
SIVBO,800
LFUS,873
QEDN,46500
MIXT,5794
VTSI,5000
FEEC,1092
GMXPQ,200
ENGGY,77
PSEC,185484
PBCT,84356
GYLD,1156
PSEM,4147
INOL,1
FEFN,2
WWWW,12367
ESEA,36278
VCSH,56753
PSDV,22090
JAH,32434
VTUS,2091
VCSY,8404
GMXRQ,2520
INPH,40
DVDCY,1000
KTYB,1
JBL,183904
DPSTF,36
JBT,4153
INSM,1657
CMBS,54
KNBWY,930
VTWG,5037
JCE,4991
SDXAY,368
JCI,273888
VTWV,527
JCP,958126
FEIC,6828
ESGR,936
JCS,1238
FISOF,7500
VTWO,79460
DPDW,1
INTU,166735
INTT,65
CMCO,690
INTX,1561
JDD,7885
CMCI,200
PBHG,132840
PSIX,1415
FELE,6210
GHML,40
JEC,70732
INSY,14449
INSV,10215
NMBL,58198
OPEN,17298
SKPO,7550
ESIO,1389
INTC,8137773
JEQ,100
CPYYY,6759
PSID,14555
INTL,1171
FEMS,2200
JFC,400
OPHT,2668
YUEIF,1000
GYRO,234448
YUEIY,95
ESLT,5370
JFR,18262
FENG,18415
NMFC,5800
INWK,6654
VCYT,725
BRDCY,31
INUV,5153
JGG,9867
EBIX,10698
PBIB,400
INVA,463069
JGT,17238
INVE,36000
AXAS,42584
DPHS,1500
JGV,14237
OPHC,200
JGW,1611
PBIO,15225
INVN,296410
AXCG,1607272
INXX,400
ZKBGF,10
SKUL,16655
JHI,3412
PSMT,2940
JHP,2205
ESNT,4239
JHS,4584
TNXP,4604
CMGE,50240
JHX,97
JSGRY,6
AXDI,24
ETHOF,1000
HKTV,4910
PSLV,91781
FENY,11908
INXB,9700
GYST,2294714
SKTO,840000
INXN,4941
PSMI,7236
JJA,40
JJC,1794
AGCZ,752550
RVREF,10000
OPLK,2117
JJG,700
RYUN,900
ESPH,26241
PSON,4900
ESPI,50
AGCO,53377
ESPR,7411
JJP,206
LGCY,4694
JJS,200
AXDX,4693
JJT,150
CNBKA,372
AHMIQ,8550
JKD,2512
FVRD,2000
JKF,4
EBMT,250
FVRG,250
JKE,402
JKH,204
JKG,212
JKJ,1163
HMRTY,204
JKI,5218
SBRCY,211
JKL,6210
JKK,428
RSHYY,30000
EBND,17560
JKS,123776
QEPM,400
NMIH,1887
JLA,8286
AXGN,83507
PBPB,15108
SKYC,100
RBGLY,24957
JLL,5743
CMPGY,224
SKYW,14578
JLS,2305
ESRT,29979
AGEN,15807
ESRX,358319
FMER.PR.A,312
ESSA,174
OPOF,600
SKYY,5369
JMF,18638
JMI,14961
AXHE,100
JMP,1243
CMLS,81595
JMT,1958
CMLP,16525
ESVIF,20
LXFT,1620
LXFR,200
WFEMF,2500
JNK,278330
JNJ,411798
JRCC,28482
CAMBU,243
EBSB,37
AXID,2
URBN,274013
JNS,42696
PSTB,2317
JNY,70149
JABA,9000
MARPS,5910
DPSGY,1250
PSTI,40357
JOF,1810
JOE,40455
ESSI,10100
AXJL,1216
RHHVF,7
BGE.PR.B,100
YMLP,7192
ESSX,1134
JOY,318918
YMLI,200
JPC,30395
AXIT,2
JPG,4404
CMPD,4000
JPI,5430
WOPEY,375
HMRZF,1250
JPM,1170808
JACQ,7800
JPP,400
JPS,31369
JPW,1700
UACL,584
AGIO,4760
JPZ,15952
AGIN,2258
SCUEF,100
AGII,1080
UREE,1300
JQC,87739
PSTX,141294
PSTR,302
AXLL,21332
EBTC,1734
PBSK,5210
PBSV,500
OGXPY,63662
WOPEF,1340
LGIH,80
PSUN,12804
JACK,20884
JPM.PR.A,4537
AXMT,2
JRI,2394
CMRE,7749
JPM.PR.C,9676
JPM.PR.D,783
OPTT,5230
JRO,22073
JRN,2915
JRS,4700
LXMO,100
EXETF,3600
JSD,8035
JSC,130
SMTPD,100
SLAB,16500
AXLX,3624099
PSXP,11899
AGMC,3
JSN,15463
VLOWY,320
JSM,2101
CMSB,800
JST,2257
FEYE,64064
CMRX,2042
MJNA,8263325
PBEGF,841
JTA,12457
PSWS,10000
JTD,15557
AGNC,233607
JTP,15371
SLCA,28102
LGND,6140
BJRI,18931
AXPW,18400
NMRX,265
AGOE,800
ZURVY,15773
ESYS,1200
RSKIA,1200
JVA,22225
CMTL,2979
SMCJY,100
SVNDY,494
NGPHF,12200
JWN,57350
IOGA,375
JRJC,215208
PBYI,3301
OPXA,15700
COGGF,150000
MP.PR.D,44
SVNDF,142
FCSMF,65344
NRF.PR.C,185
NRF.PR.B,120
JXI,5598
NRF.PR.A,1
VUME,5000
MRVNY,2
CMXI,20476
IOUFF,2000
ATADF,100
JALA,28650
O.PR.F,1521
TIRXF,2000
IOIL,20
RIBT,1793
LXRX,37246
AXTI,3387
JAKK,6090
CMXX,6500
AGRT,1003
AXTE,15
LDBKY,81
RICK,4180
JZJ,321
AGRO,12186
GIFI,610
JZV,400
AXUT,2
FFCO,82
HLIT,7262
JANI,240
SLIO,100000
GIGA,1200
FFBC,7433
SLGN,29579
FFBH,25
NSSMY,900
FWDG,103000
FWDI,174
ETAK,3649
JAMN,5751
PCAR,51887
PNYTF,166665
RIGS,449
KUTV,9340
PTCT,5701
UAPC,84800
PCBK,2814
XYIGY,27
FFFC,100
MCP.PR.A,24611
HIG.WS,300
AHT.PR.D,500
HLM.PR,200
GIGM,281
ECAU,2000
ABMLF,2100
AXXE,75
RIGL,61479
DIPGY,184
RIGH,100000
LDSVF,1
KHDHF,45
PTEN,46881
ETFC,146486
LEVYU,200
TOPS,3830
ALP.PR.P,570
APEMY,51
ALP.PR.O,40
ALP.PR.N,816
IRET.PR,1
SVNLY,38
GIII,28432
VDSI,17240
KAI,575
ETEK,148000
SHECY,1100
PCCC,9152
URRE,11781
APELY,1000
KAP,100
MITT.PR.A,1
VSTOW,1
KAR,104258
CNAT,606
FFIN,2776
URTY,38689
SLNX,250000
PNHNF,21255
NNAN,10000
GILT,11092
FFIV,61338
KBE,126632
KBH,131641
GVDNY,336
TORM,400
PCFG,775508
MRETF,6705
KBR,81425
AGYS,4140
LCPRF,1000
FFHL,1200
KCE,175187
KCG,3126
JASO,61806
PCEF,18901
CNBC,4140
APEOF,250
URTH,7283
FFIC,8960
GILD,625014
SLNN,200
ECHO,7164
PTIE,37572
VUZI,14660
CNCO,300
FFKT,438
FFKY,600
PTIX,17593
RING,24077
SGSOY,4969
ECIG,48
CNBZ,300
TOTS,128
IOSP,4213
GTOMY,400
GIMO,1284
CNDO,69343
LRLCY,1118
KED,658
GIMU,50000
KEG,125947
KEF,2254
INRLF,6
TAKUF,20700
KEM,502
NNBR,12905
CNDA,420
KEP,5964
FWLT,18581
AIQUY,1629
KEY,289483
KEX,12829
YNDX,114371
JAXB,200
HLSS,9316
CNET,724
CNER,2400
TTSLF,1601
KFH,489
TOVC,100
KFI,100
MKBY,10000
KFN,113911
KFS,100
KFX,656
PTLA,2618
KFY,10830
KGC,1212084
KOZAY,519
SLRC,8070
SLRA,31
DX.PR.A,200
RIOM,12790
BKCC,26560
KHI,5732
PCLN,164549
JAZZ,22539
QFOR,3972
ALIZF,94
KIE,40492
CHSCO,1602
FFNW,379
CHSCP,324
BKEP,316
KIM,61637
SLTD,30600
KIO,301
KIN,31360
TOWR,6816
SVNTQ,380
CNHI,23622
SLTM,216512
TOWN,632
LHCG,399
ECNS,433
CNIT,14508
RITE,37500
AZSEY,1503
ECOB,1866675
ECOL,4661
ECOM,8796
ECON,14693
FWRD,729
KKD,49364
PCMI,1018
PTNR,1307
PTNT,100
KKR,247513
SLVO,6100
SLVP,772
PTOG,5000
SLYG,6018
KLD,224
ETRM,242668
TC.PR.T,1200
SLYV,5084
PTRC,61000
BTKGF,660
KMB,48809
ECOS,1480100
KMG,425
KMF,9569
KMI,219359
KMM,10607
KMP,48530
GIVE,2
KMR,9497
KMT,6921
PCOM,60
ECPG,3152
SLXP,18441
KMX,44704
GIVN,35142
KND,7001
KNL,1342
PTSX,3834
AHGP,919
VEDO,46517
KNX,12005
TNABY,44
PCRX,8201
SSEZY,5107
CNMD,3756
CNOB,103
KOG,386753
KOF,1282
USAE,600
USAC,1800
NNLX,700
KOL,21974
USAP,29
KOP,3853
PTRY,7777
KOS,62681
USAK,13244
PTSC,17500
VECO,6934
SCGLY,3787
USAT,13292
DFT.PR.A,489
VLPNY,13
DFT.PR.B,612
ECRO,100000
PTSI,1537
HOKCY,200
CSRXF,1001
VEEV,8075
PCTI,737
KVHI,668
TRMLF,50
ECUI,308059
BKLN,358995
FUR.PR.D,2
UBCP,3651
USCI,1711
JSDA,2121
USCR,2088
ZNNMF,9600
BKMU,771
ECTE,1722
OXLCP,100
LYJN,2000
MAUXF,103500
BSYBY,564
IPAR,4149
IPAS,1259
KRA,1207
PEI.PR.B,350
KRC,14372
CNPF,2
KRE,94179
CHRYY,1430
KRG,18677
CNRD,690
VVIT,15000
KRO,7575
TPCS,1205
KRU,6240
IPDN,200
CNQR,5755
CCCGY,627
JINFF,100
SMAA,325565
USEL,26
KSM,3157
IPCC,2540
USEI,2499777
USEG,10390
KSS,1060939
KSU,44643
KST,213
IPCI,30792
IPCM,862
VEGI,507
KTF,23329
USFC,320
RIOCF,191
KTH,34
CNTF,33606
NHC.PR.A,6293
KTN,433
IPFF,814
KTP,1600
WYNN,77713
LZRFY,1100
SMSMY,127052
PCYC,17919
SMCG,274
ECYT,12436
CNSL,6079
CNSI,958
SMAK,1500
NNRX,2500
RWEOY,100
JSHG,2220
USGT,7000
CNTY,7496
CNTO,77034
WHLM,2500
BKSC,600
NNVC,12048
IPHI,1220
CCEGF,200
VELA,129100
MKSI,957
IPHS,4106
CSCTF,201
XCO.RT,169904
KWK,187910
ARI.PR.A,199
PCYG,822
JBHT,20238
SMCI,3843
KWR,548
KWT,899
PCYO,618
MER.PR.F,400
MER.PR.E,6
MER.PR.D,1506
MER.PR.K,417
IPGP,26392
MER.PR.M,500
SMDI,20000
JBII,755
MER.PR.P,170
SMDD,3000
KXI,4357
AHPI,200
MKTX,3994
MKTY,375
VIVHY,2554
VEND,21058
HMGN,18500
USLV,62970
FXCB,49
USMD,249
KYE,12068
ULTXF,5999
FXCM,5253
USMI,3600
KYO,2151
KYN,26416
TPHM,50000
LYRI,166
DSNKY,1412
CNYD,200
WYNMY,150
NSRGY,53188
SMEV,8
SNEJF,9
MKTG,147726
WYNMF,11750
USLM,9
HMCBF,65
SMFG,42103
MKTO,10578
NSRGF,380
RJET,36389
HMIN,13450
NXPSQ,3
SMID,2075
SLPHQ,800
KCDMY,501
FXEN,9015
TPLM,127392
USMV,12711
HMHC,6650
JBLU,290315
USMO,2012
IDCBF,1000
ATBEF,35000
LYTS,2455
USNA,1146
MFA.PR.B,2
IDCBY,1931
LZAGY,118
KBALB,8265
UBOH,600
KERX,82821
BKYI,11200
BKYF,1030
DRAD,17232
EXL.PR.B,500
QGEN,213553
DRAM,2400
UBNK,937
EDAP,6401
USPH,1416
UBNT,20768
ORBC,11442
PDCO,34466
ORBK,5648
SMMF,600
UBQU,11150
EUFN,46204
DRCO,11564
FXIT,50000
VVTV,34569
GGP.PR.A,1442
LAD,3084
LAG,3398
PDCE,27023
ORAN,47033
VVUS,131904
SMLP,185
LAQ,571
LAS,384
CMRZF,100
UBSI,36789
LAZ,5191
UBSH,4551
PUGE,5119
TPRE,17394
NOAH,30467
LBF,958
NSRPF,2000
LBJ,16975
NSANY,11789
LBY,213
COBR,400
SMMU,228
UBRG,278000
NSANF,1319
ORCL,2100038
TTRAF,1000
ORCT,21400
LCI,7062
OABC,453
LCM,5775
NPIFF,2000
JBSS,1054
IPRC,20000
USTR,3023
ZAAP,2000
DAEG,564
TKGBY,7696
COCO,21519
LDF,1440
LDK,57510
SGRCF,35000
LDL,289
SBBSF,16270
LDP,17870
FGLD,45040
NTDOY,699
ORGC,11690
LDR,1068
COBZ,2789
KEYW,11136
EDIG,500
CIG.C,2619
PDFS,3354
HMPR,819
OREO,400
LEA,35307
LEE,21177
CODI,4746
EDGW,1950
NOBL,7642
LEG,18901
LEI,6400
CODE,20338
OREX,78081
LEN,182367
LEO,22374
PDGO,30000
CAOVY,26
HMST,871
LFC,12007
HMSY,32392
DRII,2354
LFL,41389
DRIO,23400
SMSI,3300
DRIV,5243
PULB,2130
MLAB,605
PCG.PR.B,1
DRHC,10000
LGF,14572
EDIV,21122
LGI,1749
ORGN,700
LGL,900
PDII,20
LGP,1339
SMRT,7035
PCG.PR.A,500
NOEC,300
BLDR,36777
BLDP,335785
LHO,19350
PDLI,119521
EDMC,11622
GPE.PR.A,204
SNFCA,701
IPWR,1312
ORIG,6006
COHU,2064
HMTV,90
MLCG,500
PULS,100
COHR,2555
ORIT,536
SGAMY,1015
LII,6710
ZAGG,6032
SMTC,41442
LIN,8592
LIT,2516
SSDOY,204
SMTX,400
IPXL,10573
DAIO,1200
AIRYY,340
BLFS,2155
BLFR,2000
ORLY,24990
ECIFY,525
TOSYY,30
OAKS,3815
BLGX,100
MLER,800
NOHO,1847999
LKQ,59483
DAKT,3527
WIBC,16226
DAKP,100
TY.PR,95
MLHR,6646
LLL,237970
DROP,173000
LYG.PR.A,1795
PURA,1
LLY,157952
COKE,1693
SSUMY,600
PURE,605
EUSA,376
LIFE,70354
ORMP,289051
HCN.PR.J,1002
HCN.PR.I,1
DANG,106093
TYY.PR.C,301
BLIN,5560
HTHIY,40
LMT,109165
COLM,4471
COLE,138851
GDPEF,1500
COLB,5124
MLHC,600
LNC,65156
LNG,102886
FLMTF,85000
ZROZ,28
LNN,5221
CMAKY,103
MS.PR.A,1917
COMM,8000
LNT,14169
RAFLF,6100
BLUSF,333
JFTTL,20
YOKU,79406
KWEB,2250
MS.PR.F,10730
LOR,1018
LOV,2419
CONN,28613
LOW,468671
ATRNQ,50092
CONE,16190
WIFI,5556
BLKB,2004
DDAIF,2674
GZPFY,373
HBCYF,1398
LPI,18034
LPL,13135
EDUC,2
LPS,19549
LPX,50885
COOL,9778
LQD,77118
PWAZQ,500
WIIM,2200
BLLB,500000
YONG,27804
AHONY,1775
CBS.A,358
UCBA,1200
COPX,16245
BLMT,415
DDAIY,402
OGZPY,7261
UCBI,17009
DARA,18219
DRRX,6923
BLMN,13051
KFFB,867
LRE,694
CORE,1687
JMHLY,1465
IQDF,2600
LRN,9717
MLNX,44009
LRY,59878
BKRKY,1543
XLNX,304238
LSC,12926
AIMC,1817
LSG,19800
UTEK,12404
LSI,1465075
BLOX,58997
ORSX,58
DATE,2482
CORT,16931
DRTX,4703
CORR,1590
CORP,640
DATA,90770
CORN,4502
MLNK,4387
EDVP,11
LTC,2767
SOIGF,550
DRWI,13500
COGLF,5000
CZXMF,200
COTE,7770
MLPX,260
LTM,13057
LTS,11359
MLPY,525
UTHR,14198
EGDFF,7300
LINC,1742
COST,112035
LINE,132317
YOSN,700
LUB,155
COSM,520
PWAVQ,46
ZRVT,200
WILC,4001
EDWY,5
NORW,2022
WILD,900
MLOV,1
SNAK,1224
LUK,65249
AZPN,11292
EDXC,258947
UCFC,3417
LUV,200746
AINV,51681
LUX,471
COTY,7725
YORW,202
MLPG,108
DAVE,300
MLPA,2300
MLPN,4781
BTLCY,100
SNBC,1384
MLPI,4365
WILN,4500
MLPL,3652
LVL,2402
SNDK,215099
LIOX,16005
LVS,289673
DRYS,4753200
NOVB,600
XTMCF,1800
BLRX,4930
XLRN,9316
LWC,337
ORYN,3000
PKREY,394
COWI,670000
SHGDF,4999
BLTA,171294
HNDI,3000
UTIW,14550
LEGPF,8565
SNCR,123686
WINA,424
FCUUF,500
COVS,7113
CBB.PR.B,605
COVR,1300
LXK,21451
LION,1587
AIRI,1700
LIQT,3252
HCIIP,300
BLUF,2
BLUE,2096
LXP,79275
GM.WS.A,7546
LXU,4497
GM.WS.B,7530
INCAF,10000
UTMD,17
LYB,107684
PL.PR.C,5253
PL.PR.E,1900
LYG,184948
COWN,2503
EADSY,9554
ARNGF,200
LYV,55968
DDR.PR.K,67
SNET,10000
AIRT,780
LZB,5963
BLUU,2500
VWOB,2236
AIRM,8328
WISHY,1900
SNHN,4394
LITB,26398
SNHY,1866
FHCO,4042
TQLA,21
BDORY,5826
BRGYY,13194
TCBIP,1114
ZAZA,22801
TCBIL,70
PRIS.B,3800
WIRE,1976
CRARY,10028
EVAC,447
GAINP,2
HWTFF,1800
EVAL,102
AGO.PR.F,10
AGO.PR.E,839
ERFBD,890
IQNT,19561
LIVE,9792
PVCT,164243
ADDYY,963
UCPA,750
AGNCP,2236
SJMHF,2000
EVBS,60
WITE,1760
AKZOY,115
KFRC,2687
EVCA,352000
TOELY,2600
JCOM,4689
ARNBF,100
OSBC,7060
PVEC,10083433
FCE.A,11442
MH.PR.A,151
AIXG,13718
KGTFY,914
UTSI,466
DSCI,1290
EVFN,4
DSCO,3034
OBAF,200
LIWA,2600
TQNT,136890
PEBO,6325
MAA,16337
MAC,21331
MAB,184
MAG,25
SNLN,474
AVIFY,116
MAN,35247
EVEP,2390
EVER,10265
MAS,175140
MAR,113060
MAT,99517
MAV,2162
CPAH,2000
MBB,13463
EVHC,6395
CELGZ,993
EEFT,24290
MKTAY,100
CZICF,4800
CPAC,500
DBBR,703
WIZD,150
MBI,27315
RDS.B,55794
RDS.A,177266
OBCI,2820
MBT,67446
SNMX,20211
OBAS,605
TSRER,4000
MCA,2765
MCC,15313
MCD,182738
MCF,8383
MCI,658
MCK,55134
MCO,101518
EVGN,701
MCN,2100
TQQQ,131805
MCP,2538720
MCS,151
MCR,6221
DBEF,3916
UURAF,20800
MCY,5091
MCZ,43316
GKNT,2300
MDD,160
MDC,64757
MDM,320
MDP,3570
FHLC,21437
HNRG,1696
MDR,245791
MDT,123900
MDU,20520
HLTOY,8405
MDW,5509
MDY,265631
NPBC,39415
RTPRQ,1000
MEA,56315
UCTT,24833
SCHYY,173
PEGA,2069
FYLD,12171
MED,3947
MEG,30128
MEI,18670
DBEU,400
PEGI,11660
SCHYF,300
MEN,11662
SNPS,32498
MEP,746
MES,2
MET,212306
HNSN,4610
PEIX,8837
MFA,66989
MFD,1201
MFC,82351
AZURF,5275
MFG,45063
MFI,1436
MFL,8387
MFM,15461
CGRIF,26
MFT,190
GRX.PR.A,566
MFV,2791
SNSS,2678
DSGX,336
MMAB,1335
MGA,18568
MGC,16185
MGF,5285
MGI,2880
MGH,1000
CPFI,2200
MGK,39395
PEII,1473316
MGM,309275
MGN,2100
DNPUF,500
DBGR,1520
MGR,622
SNRV,15000
MGU,4453
OSHC,1100
MGT,15603
MGV,3556
CRRFY,5270
AWLCF,3690
MHD,19449
MHF,3571
EELV,1135
MHE,2
MHH,1507
AIBYY,9495
MHI,401
CPGI,20077
MHK,37663
MHN,4807
EEMA,2950
MHO,15304
MHR,114587
EEME,137
AEXPD,131
DSKX,3000
MHY,44348
EEML,90
MIC,17318
OSIR,4123
MIE,15319
MIG,985
OSIS,10622
AALCP,4312
SNTA,49066
MIL,4925
CPHI,230
MIN,73775
TGONF,121900
CPHD,8699
SNTI,12918
MIW,7002
MIY,16568
HREEF,1300
OSLH,300
MJI,5520
PENN,47193
MJN,433824
PENX,809
DBJP,13373
MKC,23702
EEMS,8873
DBLE,5530
EEMV,18136
OBJE,22861
EVOK,2046
EVOL,7190
MKL,2189
DSLV,29693
DBMM,1140000
SNYL,554117
MLG,8
MLI,1248
EVRM,1100000
MLN,1286
MLM,3045
MLP,6184
MLR,631
CBSTZ,350
KSFTF,215
MLU,3620
EVRY,438
MMC,73060
MMD,17500
BMIX,13300
MMI,216
MMM,433843
CPLP,10039
MMP,12631
RKUS,31403
MMS,6512
PEOP,50
MMU,20265
MMT,24926
DSNY,42546
PHIIK,407
CPLA,1420
KLBAY,316
EVTC,5388
MNA,2
MNE,205
FLNXF,1000
PERI,78714
MNI,6002
MNK,8074
PERF,857
ALLAY,100
MNP,9115
MNR,16306
PVTB,10880
ROAOF,98
PVTD,171
PERM,48
PERY,2623
EREPF,27100
MOC,2121
MOD,7813
DSPG,35321
MOH,109384
EVSI,3230
MOO,15444
MON,482082
MOS,129899
DNPLY,337
REN.WS,1497
GEF.B,584
EVSV,3596228
MOV,539
PMGYF,2000
MPA,5539
MMLP,1170
MPC,185350
MPE,1200
FHWY,514
CPOW,90
CSUAY,2209
PETM,50156
BAESY,4124
MPO,11478
TRAK,5825
OBQI,36900
PETS,7512
LYSCF,3900
MPV,388
MPX,25
MPW,45072
XMLV,2
STKAF,400
IRBS,10000
IRBT,31506
PETX,804
LYSDY,4300
DBRM,50000
KGET,1657000
HRELF,120
NMB.PR.C,500
FANUY,3293
PESI,3600
MQT,16917
MQY,3331
CPPD,500
MRC,7132
MRH,5582
MRK,450395
DSUM,9143
MRO,168891
COR.PR.A,201
IRDM,63630
HRELY,3
TEZNY,457
KMI.WS,210589
MSA,1224
AIBSF,600
IACI,22068
MSB,7164
MSD,4079
MSG,17408
KNYJY,2016
MSF,5615
MSI,25338
MSK,103
DSTI,406
MSJ,1470
MSM,48855
MSL,311
MSO,9118
MSN,598
MSP,281
BNKXF,5974
CPRX,17955
MMMW,2000
CPRT,35629
ADDDF,118
MSZ,894
MTB,36537
MTD,2367
OSTK,25729
ZBRA,7037
VGGL,450
MTH,17325
MTG,136884
MTL,46174
DSWL,8314
MTK,1262
CPTA,1007
MTN,999
TADF,25000
TNTEY,371
CLPHY,15001
MTT,1066
TRER,1000
MTS,236
MTU,68282
RSNAY,2000
MTX,836
XMPT,406
CPST,117016
MTW,36227
CPSS,24453
MTZ,35160
TREX,1966
NPTN,4111
MUA,982
MUC,6956
MUB,20721
FUJHF,25
CPSI,2455
MUE,3207
MUI,13992
MUH,4165
MUJ,4376
BMRC,772
OSUR,15244
MUS,4010
MUR,32622
JUHL,2927
FUJHY,1880
MUX,164929
VGIT,3502
TRDX,14997
KGJI,1214
TREE,1244
TACT,680
IRET,13887
MVC,520
NPSP,63447
MVF,35192
MVG,8200
TRGP,15320
MVO,8886
FUJIY,116
MVT,5170
MVV,17528
TRGT,5773
VGLS,19831
VGLT,3522
MMSI,2754
LJPC,340805
AHL.PR.B,351
AHL.PR.A,778
MTNOY,8925
MWA,52371
GLBS,800
BMRN,27352
IAGI,500
BK.PR.C,1457
MWE,15549
BMRK,1800
GLBZ,144
MWG,6495
SOCL,9677
VNGRF,16
MWO,1220
BMTC,2483
GLAD,16580
MWR,1610
AHL.PR.C,148
MWW,229065
MWV,13531
MMRF,2169
MXA,2
MXC,1282
BMSN,110000
MXF,4582
MXE,410
SODA,29713
MXI,3845
MXL,5109
NPWZ,44400
TRIP,81066
SOFN,13000
MXN,1
SOFO,600
GLDD,2571
GLDC,120
HENKY,177
GLDI,306
MTLQU,951
HRTPY,47926
PWCDF,302
TAHO,5532
MYC,2645
CPWR,83763
MYE,528
GLDX,925
MYD,10160
MYF,7064
MYI,6779
KPLUF,160
MYJ,8724
MYM,7323
CEMTY,1
MYL,265216
SOEN,2500
MYN,6840
TAGG,4938961
TRIB,2707
CPXX,2000
HOFT,1043
WOSYY,440
MZA,13
MZF,6106
TRII,50
IRIX,5571
SOHO,19715
MZZ,5711
SOHU,7965
FICO,21699
EWBC,11797
TRLA,34844
SOIL,7776
FIBG,1400
FIBK,1978
JUNR,600
GLER,137528
RLGT,3682
UUPT,100
TRMR,58928
RLGY,1368835
TALK,2500
HENOY,650
AIDIF,3299
UDOW,43981
PFBC,3871
TRND,550
FIEU,200
PFBI,700
TRNO,409
MMYT,4575
DUETF,1000
PSGTY,100
UTX.PR.A,9
JPM.WS,3285
UDNT,1304
TRMB,38299
FIDU,33756
EFAV,8620
TRMK,5799
IALS,68
TROX,6861
TROW,69027
PWEB,1000
TROV,874
SOLS,700
VXUS,48464
TANN,601
HOMS,40
RTOKY,900
FIGY,882
CCGGY,11
MKRYF,900
IROG,200
TRNS,662
HOLI,29131
TAMO,5500
IROQ,603
VGSH,4412
TRNX,1391
NAD,9800
NAC,5587
HOLX,68168
CHEUY,127
NAK,26233
EWEM,102
NAN,8204
KELYA,13074
HOMB,27276
HOME,119
QIHU,87632
NAT,155745
NAV,10949
NAZ,3980
SONS,20786
KBCSY,82
EVSNF,5500
NBB,4018
NBD,271
NBG,191252
KMTUY,1338
NBH,18569
NBL,114426
NBO,1233
NBN,4220
EWHS,302
NBS,21998
NBR,157749
NBW,762
NBY,100
SONA,200
NCB,319
NCA,2608
RF.PR.A,966
NCI,4207
SONC,9906
TUWLF,35
JDST,9882
NCP,2633
NCO,2505
GLLA,1500
NCR,36288
NCQ,13589
NCT,39108
JDSU,166128
BURBY,1580
NCS,9505
NCV,53201
NCU,513
TRSY,284
NCZ,40453
SOPW,111425
TRTC,368030
TARO,895
PTKFY,297
NDP,2427
MRWSY,1546
GLOG,4606
SMDZF,3000
NDZ,3230
TRRU,10960
UUUU,600
OTEL,1422
SENEA,1309
NEA,5163
MONIF,360803
NED,9500
NEE,101916
WFIFF,100
NEN,202
NEM,824930
IART,621
TRST,23757
NEO,2362
GLHRF,4000
OTEX,12543
NES,4898
NEV,14607
GLNG,156216
NEU,1851
PFIS,975
TRUX,400
TATT,3584
GLPW,2207
NFG,6577
NFJ,47563
IAUS,3950
IRWD,41805
NFO,2693
TAUG,6000
EFII,10852
NFX,91453
FILL,20
BNCN,4252
RLOC,450
TAST,2111
BNCM,2
BNCL,3057
NGD,272276
TASR,37860
NGE,200
NGG,19316
SORL,2210
NGL,21699
BNCC,1100
RLOG,2000
OCFC,257
NGS,1471
NGX,5
GLPI,18493
NGZ,700
MFCSF,500
GLRP,8000
AMP.PR.A,1661
AKAM,70370
MNDO,595
NHC,4493
WMMVF,5046
XNCR,2093
MNDL,2000
NHF,37765
NHI,15656
TRXC,1311
SOUP,1050
WMMVY,3106
SOUL,180414
NHS,14657
OCIR,100
HOKUQ,2896
PFLT,2831
OCIP,2000
FINL,26485
HOTR,10000
NIB,3699
NID,5960
FINU,326
NIE,15770
ZTHO,357
FINZ,700
DCIX,13513
NIM,1060
NIO,10753
OTIV,30114
NIQ,2001
GLRE,6842
BNDX,27278
GLTR,3452
BNFT,2004
SNYFY,1590
TAYC,175
CMCXF,200
NJR,13282
NJV,540
MNGA,1704
GLSO,9920
NKA,779
HOVU,200
NKE,206281
ORKLY,500
NKG,217
DTLK,83
CPMCF,6126
PFMT,2419
TAXI,8728
PWOD,672
NKX,4449
SGTPY,394
NKY,22419
CIHKY,2057
FISV,48269
EWRI,104
LKEN,2500
GTPPP,309
EWRL,10400
EWRM,70
FITB,307140
EWRS,661
NLS,4064
NLR,2500
DCLT,200
NLY,613752
PWRD,9126
PFPT,15889
NMB,2
NMA,7235
COF.PR.P,7790
GLUU,122691
DCNG,136
GLUX,2000
NMI,611
NML,9375
NMM,22163
NMO,15072
SOXS,10047
NMR,17056
VELTF,47824
NMT,40
SOXL,16317
FISI,814
SOXX,25032
NMZ,19612
NMY,1870
TTCNF,544
OCLR,38313
OCLS,10696
NNA,25120
DCOM,2309
NNC,484
SCHW.PR.B,3132
NNI,2058
NNJ,2023
NNN,48092
GLYE,2000
EFSC,1122
NNP,1625
FIVE,10614
HRUFF,200
NNY,371
MNKD,240192
VYEY,125
NOA,1645
UBIQD,280
NOC,39315
LKFN,4454
QNTQY,9
FITX,14781867
NOG,59912
PWRM,1771928
TUWOY,52
EWSI,294500
NOK,1016266
DISCA,41796
HBEXF,8000
NOM,2000
NOR,8919
EWSS,206
NOV,97968
DISCK,30124
NOW,116949
WEFIF,6600
NPD,1735
NPF,3926
DTSI,1622
NPI,6122
NPK,474
ISBC,16175
NPM,14268
NPO,682
NPN,300
PFTI,4999
QIWI,50485
NPP,9477
PLCSF,29500
BHKLY,3
DTST,10000
ISBH,6000
NPT,12911
NPV,236
NPY,2396
NQC,17658
DTRC,20
DMNKF,462
IPHYF,2000
CMCSK,40706
NQJ,2774
NQI,1234
FIVZ,497
PFSI,432
DTRK,58
NQM,12854
NQP,1912
NQS,6663
CMCSA,939010
NQU,16943
RLYP,1735
WRI.PR.F,161
PFSW,2047
NRG,70403
NRF,476745
OTTR,1888
NRK,12055
BNNY,2705
UEEC,550
NRO,11815
BCS.PR.D,5927
TSCO,58553
BCS.PR.C,574
SGTZY,200
NRP,7273
BCS.PR.A,1588
TBBK,1265
BNNP,300
CQQQ,3597
NRT,3730
IBCA,1026
NRZ,25546
IBCE,24
IBCB,96
VRSEF,6000
IBCC,200
HL.PR.B,101
NSC,45037
EFUT,4600
NSH,1171
NSL,10896
EONGY,16556
NSM,6565
KHGT,20000
ISCA,2704
NSP,2879
NSR,26589
DCTH,73362
NSS,224
NSU,24525
ISCI,3000
ISCO,68659
DLR.PR.E,1260
DLR.PR.F,158
DLR.PR.G,580
NTC,168
OCRX,7502
NTE,30099
TSEM,7386
NTG,9675
PFXF,1304
NTI,12286
HPP.PR.B,460
NTK,700
NTN,240
EWZS,3821
NTS,173
NTT,7929
XNPT,21405
NTX,2782
DCUB,500
DCUA,8005
NTZ,544
SPCB,34861
NUC,5226
NUE,48498
ACSEF,1000
NUJ,1119
FIZZ,306
IBCP,2078
NUM,9177
SPAR,3692
NUO,1011
SPAN,216
NUS,30720
NUV,13152
TITXF,10
NUW,2128
IBDA,202
SPBC,600
IBDC,427
NVC,1086
TNSGF,210
OCTX,394
NVG,1836
AKPB,4975
NVO,18105
NVS,66597
DTYS,471
ISHG,12638
NVR,6653
UEIC,3926
NVY,90
NVX,12983
RMAX,1848
LHPTD,4000
NWE,2027
CFC.PR.B,4104
NWL,54705
NWN,2619
CFC.PR.A,981
NWS,22831
SPCO,3000
NWY,10500
GMAN,373
BNSO,1600
NXC,884
SPDC,15578
MNRO,1793
MNRK,5648
OCPNY,6
NXK,892
NXJ,2302
MNTX,8571
RUSHA,11381
JW.A,9558
NXM,93
NXN,562
NXQ,8597
NXP,7506
NXR,5205
CELTF,10000
RMCP,10900
NXZ,3742
HPGS,24500
SPGH,5510
NYC,460
WFC.WS,21507
NYF,297
IBII,500
NYH,110
IBIO,1063
MNST,71717
NYT,109161
RMBS,30526
MNTA,10340
ISIG,182
NYV,2
AKRX,20951
ISIL,401006
MNTG,157
GMCR,105593
ISIS,32424
SPEX,70936
RMCF,2042
NZF,16790
SPFF,5919
NZH,11499
ELUXY,102
SPHQ,4308
ISLE,399
BAYRY,4439
EXAR,4359
EXAS,71113
SPHS,60
AKSY,201
MLYBY,235
GMFS,350
TSLA,627613
IBKC,1554
TSLF,100
NOKBF,700
GMED,22059
PUK.PR.A,141
NRCIA,42
NRCIB,234
SPHB,3974
TBIO,1450
GMET,1400
EXAC,2422
EXAD,3088
EXAM,2762
SPHD,8687
KYTH,3015
CENTA,676
EGBN,1244
CABGY,47
IBKR,18182
SPIL,26909
IFNNF,20000
EGAN,903
EGAS,2390
IFNNY,47300
RMGI,5
TRQ.RT,373402
SPLV,23514
SPLS,4405877
EGDD,20000
SPLP,401
TBNK,1751
SBGSY,385
IBOC,1883
UVSP,3504
ASBFY,17
EXFO,7680
JERT,10001
TAOIF,324
ISON,14310
IBND,9952
UEPS,8751
OAK,2830
EXEL,78429
SPLK,289479
DUBL,10000
MAYGF,12600
OAS,122009
HPOL,12747
SPNS,6607
ISRL,24
CRAI,1417
TSRA,17193
SFTBY,3985
GMLP,10903
TSRI,200
SFTBF,1128
ISSC,759
TSRO,141955
VWSYF,2246
DDDC,8600
BECVY,100
CRBO,6000
TSPT,500
NRTLQ,1881
PXFG,700
HZNSF,100
TBOW,5700
SPNC,13177
CRAY,29725
PGEM,7818
CCHJW,21
OCN,115172
ISRA,1026
ISRG,21265
OCR,42047
DDCC,1125
CRCL,100
DDDX,959
EGHT,20036
CAAS,9698
ODC,10
YNGFF,15648
ODP,928375
ANTUF,3550
CRDS,9688
CACC,786
CACB,1118
ISSI,2159
EMITF,17190
SPPI,8202
OEF,12217
CRDC,6664
NRBT,10500
OEH,19156
CABN,5200
SPPR,150
ISTB,1906
SPPP,42110
FMCKP,100
BOBS,120
UVXY,354464
SPSC,1664
MOBI,5800
OFC,28483
CREG,7520
BOBE,7400
CREE,98407
OFG,3719
CACQ,2614
EXLP,3382
PXLC,2
EXLS,467
CACI,5713
CACH,15905
OFS,1606
YRCW,60902
EGIL,1000
OGE,32371
CADY,4200
BOCH,1902
CADX,11260
PGHY,2000
MOAT,15129
SPRT,6137
SPRO,1900
ODFL,10035
IBTX,1196
CAFE,4100
ALAS,20950
PXMG,32
WEIGY,9900
MODN,11662
PGLA,7998
PGLC,58100
DUKH,2274
OHI,70797
AFLYY,20350
PXMV,4
SMGZY,500
LNCYF,3123
CRD.A,185
CRD.B,229
PGLO,7224
ANCPA,2000
HPTO,1486
CMA.WS,39769
PXLG,20
OIA,7597
MOCO,894
HPTX,1657
OII,320787
VLCCF,12943
OIH,127684
SPTN,7573
OIL,59922
PXLW,25665
PXLV,100
CENJF,13056
OIS,6442
EXMT,1680508
EGLE,93386
PXMC,2
BODY,8916
CAFI,14637
ALCS,800
CRIS,35559
EXPD,55221
MOFG,821
EXPE,67876
ALCO,615
NRIM,607
BOFI,12152
EXPO,1022
EXPR,65791
RMTI,89540
GMUI,100
SPWR,108412
ALDW,8763
OKE,35955
OKS,8984
NAGS,80
TSYS,8902
YARIY,2000
TSCDY,65297
ALEX,1405
ZUMZ,7637
EGPT,2458
VIAP,17500
VIAS,270
SPYG,4561
LLEX,500
OLN,78596
OLP,1513
RAS.PR.A,500
SPYV,1088
OMC,62349
PGNX,93223
BZQIY,500
OME,4128
CAKE,11534
OMG,2204
EGOV,21104
OMI,15685
OPHLY,7
BOIL,24204
OMN,3637
BIOYF,3000
DUNR,203
SPXL,116673
WLDN,2990
ALFA,4295
VIAB,120692
SPXU,352025
SPXS,110432
CALM,3123
CALL,4964
ONB,5233
MOJO,1200
VOLVF,3000
CALI,5592
ALGT,864
ONE,9095
CALD,27296
CRMT,2276
VICR,7933
ALGN,22268
PXSV,1652
VIDI,200
ONP,50
EXTR,73053
VOLVY,3420
CRME,600
CRMD,31285
CRMB,3500
ZB.PR.H,527
ZB.PR.F,240
JFBC,1
ZB.PR.G,165
ARR.PR.A,2778
ZB.PR.A,1541
ARR.PR.B,702
CAMH,20000
CRNT,22486
EXSL,1000
VICL,50736
CALX,1442
BOKF,1331
VCISY,2958
WLFC,654
PXSC,2
DDOO,100
CANN,1972
CROX,446988
PGTI,30953
CANF,7000
BOLT,415
OPK,315841
VIEW,800
CROP,2
NANO,12631
ALIM,12459
AMH.PR.A,250
VIFL,3383
DUST,415355
MPUCF,2000
CLASF,41500
NANX,4500
OPY,584
CAMT,50824
CROC,475
CAMP,86270
ICAD,1800
JFBI,280
PGSI,1000
NAMG,27980
AROSF,500
EGTK,700
CANV,160
ORB,7326
ORA,1627
OUTR,36246
ORC,3660
CAPP,100
GGN.PR.B,100
EXXI,90209
BONZ,1896500
MHR.PR.E,1500
XONE,39792
ORI,44575
ORN,516
BONU,1953138
ORM,2152
MONT,9549
BONT,163991
ALKS,23887
CAPC,1000
ICBT,200000
PGVI,1
ICBU,500
TCBI,11570
MHR.PR.C,582
MHR.PR.D,55
BOND,39984
BONA,1477
TCBK,630
XOMA,209122
UFCS,3780
OSK,8813
YANG,27256
ALLT,11107
CRRS,7006
BOOM,7489
GUT.PR.A,380
TCAP,8350
ALLE,24603
CRRC,2479
AFSI.PR.A,201
TTEK,13901
SONVY,100
CARO,500
TTEG,79
SQBG,234
VIIX,5124
VIIZ,165
SUI.PR.A,200
EGYF,200
CARB,622
ALME,4300
CAST,3000
CASS,605
CASM,2000
ALNY,16779
ITEC,2502
CRTX,5402
CASH,1230
CYN.PR.C,10
CYN.PR.D,280
TTDZ,9998
CRTO,1617
VIIS,300
ITEN,1800
TTEC,1936
CARZ,4407
TCCO,16
XOOM,8425
CARV,201
MDABY,33
CART,600
MORT,9649
SIMHD,100
BOSC,22839
NATH,2749
CATO,2083
CATM,5989
TTGT,462
NATI,8976
ALOT,117
NATL,4358
TOYOF,28
CRUS,80229
NATR,1631
BORN,26310
CNGRY,192
GNBT,136444
BORK,2000
ICGE,2851
CASY,7048
ALOG,1279
ICEL,2418
DDXS,4600
BOTA,4500
ALQA,1203
NASB,2029
GWLIF,158
TLPFY,17
TTFS,7529
LLNW,11249
OWW,26465
CRVW,200
MOQZ,100
CBL.PR.E,753
CRVP,5307
MORL,47751
VTKLY,240
MORN,2950
CRVL,4966
GNAT,2000
OXF,775
CATY,4822
NGDAF,500
ICFI,1211
NAVG,1055
KINS,2800
OXM,1742
HQGE,500
RNCH,750
CAVM,16792
OXY,104349
KBXRF,4934
CRWN,12039
BOTJ,1800
VIMC,3015
TTHI,3680
ITIC,8
ALLY.PR.A,106
MOSY,10754
ALLY.PR.B,27591
ITIP,410
GNCP,422700
GBOOY,5269
NAVB,44300
KIPS,2000
OZM,44650
LLTC,118073
RNET,2453
WLSV,145125
LLTI,5000
ALSN,33374
DBOEY,2054
ALSK,41044
VIPS,8400
LLTP,32000
KIOR,23397
VIOG,8863
RAS.PR.C,1900
RAS.PR.B,1
ITKG,10000
BOXC,480
ATUSF,2030
VIOV,2783
ALTV,300
MOVE,2529
ALTR,237199
RNDY,21075
TCEHY,3269
CRZO,64405
VIOO,6942
ALTI,2933
KIPO,4550
GEGYF,4110
ICLR,7211
DFS.PR.B,2131
XOXO,885
ITNS,84025
SCIXF,100
FSUGY,200
UIS.PR.A,200
ASCMA,681
TTLO,150
HLDCY,120
ITMN,45374
ICLD,442450
GNGR,3000
KIRK,14227
ALVR,100
TTMI,10398
ESLOY,32
ICLN,229
RNGC,1000
RNIN,996
VITC,93
ALXA,1262
FCGYF,100
ICON,14220
TTPH,4338
TTNP,30534
VISN,19097
DVAX,455640
UFPI,1024
DEAR,13050
GNIN,5782
PAA,49768
ITOT,40492
UFPT,84
PAC,2145
PAF,220
PAG,8587
PAI,1290
PAL,63736
OVAS,246
OTSKY,6
PAM,10115
ALXN,34377
ITRI,14800
PAR,300
BWINB,610
VIVO,3535
ITRN,4236
TCPC,8432
GNLK,20900
ALZH,300
PAY,75082
TCPN,519
PBA,7805
PBE,7700
PBD,2472
PBF,43519
PBI,975839
PBH,8642
PBJ,9032
PBP,72177
PBS,23289
PBR,980212
DVCR,220
BAC.PR.I,3132
PBT,9656
PBW,9234
XRGYF,3000
CSBK,875
PBY,7034
BAC.PR.E,297
BAC.PR.D,3500
UWTI,1990
PCC,700
OFC.PR.L,90
PCF,3740
AMAVF,61
PCH,2364
PCG,46467
TCOR,375
DECK,40655
PCI,45050
SPOXF,3693
PCL,25816
PCK,18014
PCN,9976
SQNM,32026
PCM,3098
PCP,11645
ICPT,12592
PCO,3277
BAC.PR.Z,778
PCQ,7485
CLCGY,145
STAG.PR.B,251
FSUMF,13450
STAG.PR.A,595
CSCO,2749843
TCRD,8303
PCY,23598
VIXH,50
OEDV,200
CSCD,4092
NBBC,1318
PDI,17375
PDH,5698
TSRYY,31
CBAK,772
SQQQ,154609
PDM,31255
CBAI,50664
ITUB,607397
PDO,5
PDN,21356
VIXY,42400
PDP,48451
PDS,27366
TTTM,8000
PDT,6740
GNMK,1360
HSBC.PR.A,1025
GCV.PR.B,400
PEB,2946
PEG,96023
PEJ,6495
PEI,4004
PEK,600
PEP,189128
PEO,2004
PER,7627
PES,12834
KKPNY,1821
QKLS,400
PEZ,4951
VIZS,601000
PEY,20551
PSB.PR.R,28
PSB.PR.S,1341
PSB.PR.T,853
NSEC,600
PSB.PR.U,107
PSB.PR.V,210
ICUI,3572
PFE,912758
TCTZF,1769
PFD,398
PFG,31478
PFF,154485
PFI,38
NVY.PR.C,5
PFM,1658
PFL,11252
PFO,1485
PFN,17963
PFS,1529
CSFS,20874
TLNUF,240000
MPAA,1508
CSFL,3413
PGC,639
PGF,30078
PGH,78259
ICTL,1550
CBDS,3630
PGJ,19595
PGI,2277
DVHI,9000
DVHL,200
NBCB,2458
PGP,4031
PGR,33976
CSEY,2888
PHII,907
THBIY,9353
GNPG,58000
PGX,60236
AMAT,518247
PGZ,103
CSGS,1899
AMAP,36710
CSGP,2174
PHA,300
PHB,16187
CBEY,5522
AMAG,1749
PHD,23058
PHG,93148
PHF,2266
PHI,976
PHH,6917
PHK,42191
PHM,309055
PHO,17130
LMAT,212
PHT,3705
TTXP,16200
AMBT,4074
PHX,315
AMBS,264435
PID,15648
AMBK,70
AMBI,400
PIE,9363
RDSMY,217
PII,12394
AMBC,23877
PIN,10733
AMBA,260670
PIM,17960
PIP,136
PIO,3080
PIR,29947
GNRC,18235
TTWO,74937
PIZ,16545
CMS.PR.B,15
AMCO,91
CSIQ,212795
PJC,1048
AMCN,61775
GNTX,42214
NBHC,464
CSII,15316
BPFH,10024
PJH,1077
AMCF,28816
OVLY,1000
AMCC,178194
PJL,100
NSIT,7985
PJP,18800
CPOKY,8675
PKB,100
PKD,14727
PHMD,158755
PKE,1227
PKG,21164
MPEL,380838
GNSZ,1143
WMAR,1182
PKI,72765
BCONQ,500
PTMEY,4
PKO,4309
MPET,1225
PKT,12039
RNST,4937
LMCA,24085
PKX,13840
PKW,89755
AMCX,28011
PKY,11608
NBIX,28140
PLD,65584
PLG,19625
AMEN,1
AMEL,1199535
PLM,5900
PLL,18348
AMEH,330
CSKH,40000
AMED,6796
PLP,1
CBIS,5281486
PLT,7372
PLW,705
DVOX,110
PLX,24185
PMD,2730
PMC,5803
PRGAF,100
PMF,6527
PME,300
WMCR,233
PML,34526
PMM,37814
PMO,29330
PMR,4044
GNVC,51290
PMT,19576
PHOT,4010418
PMX,9892
CBLI,25200
PNC,65206
SOMLY,3300
PNF,3057
PNI,5044
PNK,7137
AMGN,164982
SWDBY,755
PNM,12280
WMGI,2569
PNR,35493
PNW,48344
PNY,11467
PNX,118
PHRX,10860
CSMA,100
EAGLW,2690
JGBD,1743
DENN,9361
JGBB,400
CSNT,7000
POL,17681
NSLP,1775
POM,42962
POR,13199
POT,286360
RNWK,5091
AMHD,200000
AGPYY,26
PPA,13683
PPC,25995
CBNJ,540
OVRL,11830
PPG,27994
PPH,12151
MPLX,9758
VJET,45775
PPL,233484
PPO,10287
PPP,16882
PPS,6716
PPR,25786
PPT,36201
CBMX,45218
HVRRY,7
XPLR,7550
AMIC,620
AMID,640
PPX,891
NSPH,12942
CSOD,5451
WMIH,54403
DEPO,18693
BML.PR.J,46
BML.PR.I,1684
BML.PR.H,1
BML.PR.L,641
BLIAQ,6248
CBOE,23155
UGAZ,118761
JGBS,920
MURGF,20
EHTH,8883
MURGY,1299
LMIA,4914
CBNR,800
PRA,5261
MPSYF,610
CBPO,418
ZERO,5950
PRE,13361
PRF,19798
NWRLY,200
PRI,4133
PRH,174
PRK,123
RDSPY,100
HRAA,10000
PRO,2751
PRN,4220
AMKR,37226
PRU,117757
HRAL,254500
PRY,56
IDCC,12982
PSB,460
PSA,20137
OESX,3609
PSF,5127
NSPR,9322
CXEYF,12956
CSGKF,3924
PSJ,1096
PSI,3554
PSL,1202
PSK,2868
HLUYY,16
PSP,297724
PSO,17545
PSR,2
AMLP,134814
PSQ,9348
BPOP,13803
PST,18392
AMLM,700
PSX,192830
OVTI,74929
CSRE,1526
DEST,1370
PTC,45946
BOREF,200
NEE.PR.C,694
PTF,560
PTH,950
TDGCF,1750
BRK.A,32
CBRL,2752
BRK.B,151448
AXAHY,3504
TUES,38077
PTM,6010
NEE.PR.I,416
NEE.PR.H,689
PTN,6798
NEE.PR.J,1607
PTP,1732
NEE.PR.G,2469
PTR,11820
NEE.PR.F,1621
PTY,19975
AXAHF,424
PTX,1084
AMMG,14800
NSTG,1834
RTRAF,7303
NSRS,22730
PUI,98
ZVUE,1000
PUK,12857
CBSH,6586
NSSC,3340
SMGBY,1200
PUW,6
AMNL,38
CSTM,11277
CBRX,200
PVA,115949
CSTI,500
AMNF,1660
XPOI,3000
CSTE,13815
AMNB,1208
PVD,120
PVG,70465
ISCHY,700
PVI,4348
PVH,14897
GDV.PR.A,400
TDEY,10670
GDV.PR.D,775
DVYL,15200
LMOS,264
NBTB,664
DEWM,7976810
AMOV,1520
PVR,18672
GOBK,50
NSFDF,400
XPRT,250
SRDX,1022
IDGC,750000
CSUN,24785
PWB,200
PWC,9090
OCANF,2804
UVVZP,1
CBST,20354
PWE,150325
ZEUS,6184
C.PR.C,1002
BFGIF,450
SRCH,11555
CSWC,5024
LMNR,822
SAAS,1285
C.PR.E,226
SRCE,607
LMNX,5453
C.PR.K,17570
PWO,2
PWR,31406
C.PR.J,1721
AMPW,300
PWV,4694
SRCL,32579
C.PR.N,3062
PWX,6
C.PR.S,193
AMPS,400
C.PR.Q,1601
PWZ,824
HRDN,500496
PHYS,32645
DVYA,841
PFG.PR.B,221
CSVI,675
PXE,1510
ISCHF,615
PXD,74152
ASBRF,100
DVYE,8297
AMPE,15578
PXF,8471
PXI,1528
PXH,44797
AMRE,898
AMRB,600
ROCK,4127
AMRC,596
PXJ,1885
IDHQ,50
PXN,3777
PXQ,1324
SAEE,10000
PXR,266
HSFC.PR.B,685
FLAG,1600
PVTBP,293
BDRBF,11186
HAFC,2408
PYC,200
AMADY,285
BPTH,9811
ROBK,2285
AMSE,2000
AMSF,1634
AMSC,148636
PYK,600
PYN,1089
BAYZF,350
ROBO,28795
PYZ,790
AMRS,225935
AMRN,198159
PZA,11490
SREV,8312
PZC,8688
PZE,12012
PZD,12450
PZG,53602
AMRI,5905
PZI,5345
AMTG,6811
AMTD,68356
PZN,3537
EP.PR.C,648
WJXFF,550
GOFF,360
YSYB,100000
PZT,958
MPWR,7522
AMSG,2010
SRGL,1000
SAEX,110
IDIX,33832
UGLD,9560
AMTX,15852
SAFM,4234
BDRAF,358
SAFT,2565
TDIV,6289
NSYS,2342
SAFS,115217
SAIA,2815
GOHE,500
DNSKF,100
IDLV,85
EDPFY,215
SAIC,8299
FLEX,209280
TUNG,8000
LNCGY,4482
SWDHF,1900
GOGC,2000
AMWD,1278
WMTM,3000
FLDM,2487
GOGO,184100
KRC.PR.G,247
KRC.PR.H,662
EZCH,28364
TUMI,2589
HAIN,14878
PICO,1040
PUBGY,49
MKGAY,8
PICK,3728
SRLP,1800
AVMXY,11294
SRLN,1218
EIDO,42926
IDOG,1938
QLGC,18014
LVMHF,27
HALL,61
DWCH,4534
HALO,39504
RNSGF,1000
DWAS,15022
ROIC,33840
ROIA,597
IDNG,25950
QAI,24040
PICB,3427
JXSB,400
FLIC,605
GOLD,136213
ENH.PR.B,836
ENH.PR.A,589
AMZG,6226
PIEX,2000
SAMG,605
FLIR,23214
NTAP,236527
SAMP,20
QLIK,236209
ROLL,5063
RDEIY,8000
SALE,19493
TRBAA,48837
AOIFF,100
CTBI,2880
SALM,13628
SALT,48913
ECOCQ,400
CTAS,40516
AMZN,165813
CTCM,20113
SRPT,105738
CTCH,26626
IDSA,400
REG.PR.F,1810
QDF,152
NTCT,6412
GOOD,1111
IDST,2000
SAND,50682
TURV,1000
SANB,425
EIGI,4987
IDRA,185063
SANM,15957
GOMO,28681
SANW,12933
SANT,100
QEH,2700
SANP,2350
CCBG,810
CTCT,31424
QEP,51882
FLML,2020
NTEK,48750
NTES,80835
CCCR,2900
HARL,1
CCCL,1116
TDTT,6722
HART,2680
SARA,2304
GOOG,192670
IDSY,100
SAPE,22855
SAPX,360001
IDTI,55608
ROOF,13882
SRTY,158346
CWH.PR.E,478
GORO,58702
CWH.PR.D,2201
CTGO,2
AMSWA,1821
FLOT,15216
SASR,249
ANAD,13838
FLOW,4285
ANAC,119525
NTGR,2089
GCTAF,563
FLPC,90500
NBGIF,143733
AA.PR,160
CTHR,2566
QID,248846
HASI,3822
PIKE,1592
HAST,900
ANAT,1957
ANEWF,277
IAALF,36623
LNCE,12338
CRESY,3920
PINC,7380
CRESW,40000
ANCI,200
LNCO,50651
PZOO,24000
ANCB,600
CTIC,1478639
CTIB,200
CCGM,50
SAVE,22303
EZPW,17412
CCGI,6700
CCIH,10524
LNBB,893
SWGAY,13057
OFIX,894
GRP.U,11
NCFT,1018
CMGGF,97
ROSE,25203
BNPQY,2926
SATS,5109
IDXJ,224
ANDE,6518
WNBD,5000
PDRDY,465
HAUP,5000
ROSG,1828
HUB.B,3011
ROST,77985
CMXHF,100
IDXX,8074
ANCX,332
CTIX,34519
NCIT,1500
GOVT,114
OFLX,765
FLST,1000
QLD,205219
ANEN,16778
CPPMF,25000
GOVX,2625
ATGFF,200
CCIX,41797
ROVI,9541
WNEA,15500
HRZL,3372
HRZN,1451
LNDC,12886
FLRN,2941
HAWK,7644
ANFI,4722
LVMUY,23365
CTLE,17175
STT.PR.C,329
QLTY,84595
HAZH,6460
ANGO,17951
ANGL,682
LNGT,18000
ANGI,67475
NCU.PR.C,587
NCLH,10593
DFNS,1
UHAL,2329
FLTR,764
NTLS,18273
FLTX,1393
QLTA,462
OWOO,300000
HAYN,2116
IBDRY,1
TGSGY,235
QLTI,419
EIRL,14023
SNMCY,200
SGYPW,460
FLWS,4271
CCNI,25100
CCNE,1659
NCNE,2000
ANIP,2476
NKRKY,8
DWSN,653
ANIK,37241
CCMP,12007
CCMO,10
CCOM,1000
CCOI,9227
DWRE,4105
OAOFY,39
EVEIQ,371
DFRG,3217
IVAC,3102
QQQ,4280416
GLNCY,15
NCMI,5486
ROYL,9334
IVAN,302036
ROYT,8343
POAHY,140
TEAR,61740
QRE,7429
ALPMY,5990
IVDA,500
QRM,18150
QLYS,2028
NTRI,12400
CCOP,51600
FLXS,1964
ATXDY,274
ACERF,50000
CTRX,76216
CTRP,138975
CTRN,6218
CTRL,3259
LNKD,274761
SSBI,400
DTEGY,18556
CCRN,25333
THERF,2000
HBAN,435947
TECS,3112
FNFG.PR.B,668
HSCC,66400
QTM,23419
IVFH,200
QTS,5925
CTSO,90000
NWURF,500
PZZA,33751
HSCO,2592750
SBAC,70338
CTSH,1396187
CATYW,1400
PZZI,416
NTRR,24768
NTRS,42085
HSBC,35489
CCSC,242
TECH,17857
PBI.PR.A,113
TECD,4923
PBI.PR.B,2777
TECO,280000
JYHW,100
TECL,5461
RPAI,38337
HSEA,42465
HBCP,604
DANOY,4727
HSEB,4702
CCTC,53225
SBCF,1012
RAMPF,20000
GNCMA,4550
NCTY,7000
SBAY,5000
CCUR,1800
UEXCF,1000
BAC.WS.A,13580
BAC.WS.B,45000
IEFA,17021
CTXE,17050
ELYGF,3000
CTWS,913
TVIX,224492
FMAT,5114
OCR.PR.A,1300
OCR.PR.B,1100
ASTVF,3997
SCMWY,360
CSYJY,600
CTXS,66455
SBDG,119
NTWK,23738
HSIC,18204
FMCC,257388
HSII,947
CCXI,40733
SBGL,46551
CCXE,1008
ANSS,13468
HBHC,12051
SBGI,26298
RPDT,1575
FMBI,6174
SBFM,500
WNRL,1160
CTZN,1150
BFHJD,520
ANTH,13228
HSKA,5579
HBIO,3314
CREAF,200
FMER,30074
IEMG,42790
TELK,1600
QMCI,33800
HNNMY,2475
IELG,5
WNTR,332000
SBKK,600
AMBCF,10000
SSLT,28120
OXBT,49576
DXCM,22476
GPIC,200
DGAZ,180110
SAXPY,900
IVOG,5819
DGAS,29
IVOO,2820
RAD,567730
IVOV,9782
RAI,76041
OSAGF,250
RAS,17792
NABZY,547
RAX,68760
FDMCF,300
HSOL,212554
OXDG,1500
HSON,1101
RIBTW,4000
HBNC,36
NUAN,271133
RBA,24081
WGPLF,9500
RBC,6450
HBNK,600
LMRMF,59010
RBL,900
EXMCQ,9607
RBS,85638
CUBI,1455
HSNI,6717
RBY,164595
SBLK,27453
CUBE,35501
AAL,939085
AAN,22707
CUBA,3601
AAP,26693
RCD,13549
SSNC,10463
AAT,1683
AAU,17400
AAV,2120
RCG,1
RCI,8184
RCL,39823
HT.PR.C,8
SSNI,20250
RYAAY,6418
ABB,186371
ABC,45440
OXFD,499
NDAQ,55583
RCS,8858
ABG,2704
ABM,8430
RDA,13676
IESC,3101
RDC,48171
ABR,326
DXGE,1300
ABT,343723
REXMY,39
RDI,171
ABX,1242458
CUBV,1000
RDN,53307
ACC,22956
OGCP,2001
ACE,35191
SBND,3783
ACG,54769
ACH,2317
RDY,6606
ACI,493576
BRAF,460
SBNK,900
ACM,22532
ACN,140852
ACO,6901
ACP,13283
CUDA,31402
ACT,60911
HSPX,3217
REE,56820
DGEN,1000
ACU,61
ACW,3710
REG,10416
REI,1714
ACY,61
REN,10760
REM,67024
USNZY,100
SBNY,2689
HBOS,801
ADC,5350
WWNTY,135
RES,8960
REV,731
ECPCY,8719
REX,3979
CWVLF,1
REW,29
ADI,418979
REZ,3392
SGGDF,1000
ADK,5
ADM,98452
MDRPF,3000
ADP,237020
ADS,21516
ADT,97459
RFG,8636
CDCO,100
RFI,1092
WSBHF,100
ADX,3683
BRAZ,430
SBRA,8640
CHK.PR.D,300
XRAY,69273
FMNB,400
RFP,8098
AEB,285
BRAQ,2259
AEC,11057
HUSI.PR.H,407
AED,901
AEE,38363
HUSI.PR.G,1760
AEF,1581
HUSI.PR.F,920
RFV,3170
AEG,49460
HUSI.PR.D,375
AEH,2392
BRCM,599074
OGEN,6617
AEK,1597
AEL,463386
AEM,160858
TESO,25505
AEO,587009
AEP,153140
GPOR,54359
RGA,12011
AER,54695
BRCD,143452
RGC,34052
AES,150753
AET,115975
SSRI,122567
AEV,2109
ABCZY,697
HERXF,200
RGI,1027
OXGN,2365
AEY,25712
TESS,432
KGFHY,13
RGP,12266
BRBW,240
RGR,10118
AFA,6281
AFB,35169
AFC,1000
RGT,1439
HUSI.PR.Z,87
RGS,9287
AFG,8446
AFH,360
SBSI,1754
AFK,3396
AFL,51741
BABY,6314
AFM,284
BABZ,34
AFQ,281
BABS,540
VDMCY,97
AFT,9334
ACGBY,144
NUGT,1029179
RHI,28181
AFW,1238
LOAN,2
RHP,5529
RHS,642
AGC,15815
AGD,18026
RHT,46333
MACK,119372
AGG,62681
MRCC,62
AGI,17954
FMNJ,76517
HSTM,944
AGM,2008
AGN,100917
AGO,102922
AGQ,158928
RIC,11397
RIF,925
AGU,22084
RIG,99442
DGIT,4207
SSTK,1615
AGX,1716
AGZ,1918
RIO,83244
TEVA,235914
GPRC,1666
SBSA,840
AHC,1229
DGII,2718
RIT,697
DXJS,2709
GPRE,19465
MRCY,1355
BRDT,39208
AHH,412
BRFS,50988
AHL,11225
OXLC,2
LOCK,39621
RJA,87079
AHP,757
REGRF,100000
AHS,27594
AHT,11843
RJD,1274
BRFH,11000
LOCM,13524
FRCOF,10
RJF,43119
RJI,4970
MZRTF,2000
SBUX,298204
RJN,18507
AIA,2271
AIB,55
RPTP,16441
BREW,3592
AIF,734
AIG,773732
DXKW,2385
FRCOY,1356
RPRX,20156
RJZ,950
DGLD,9655
AIN,831
GALXF,588
BRGO,11458750
AIQ,4539
AIR,11556
NATDF,10500
AIT,2271
AIV,20890
RKH,600
AIW,150
DXLG,1390
AIY,1500
AIZ,24304
SOV.PR.C,4
DBSDY,18
RKT,6472
BTSGY,500
TEXC,15000
AJG,13957
WDGJF,100
ITYBY,5235
BTSDF,400
RLD,827
BHPBF,207
RLI,1642
DGLY,7159
RLH,500
YDIV,838
RLJ,18211
MRIB,160497
SSYS,79578
AKG,10803
RLY,1270
CDII,1000
KLAC,50006
AKP,4553
MRGE,5193
LODE,7729
PETEF,1178
AKR,20159
RMD,29882
AKS,270875
BAGR,1511
ALB,13704
RMT,5895
ALD,1390
ALE,3813
BAGL,2084
ALG,832
ALJ,51993
ALK,17592
ALL,117594
RNA,4418
LOGI,41430
YDKN,1578
ALR,8974
RNE,300
ALU,361920
LOGM,2330
RNG,1640
ALV,11433
RNF,3834
LOGL,1100
ALX,340
RPXC,5563
RNO,2217
VLDI,120
RNN,77122
RNP,7247
AMC,20708
RNR,97990
WBRBY,94
AMD,504570
AME,18807
NDLS,12991
BDTTZ,300
MAIN,8453
AMG,6153
AMH,7363
YUME,1999
ZGNX,108530
AMJ,11517
AMP,28370
BRKS,16327
AMS,200
ROC,14001
AMT,49868
BRKR,35024
DXPE,2025
AMU,757
ROG,1802
AMX,336251
BRKL,32470
MRIN,1812
ROL,3150
ROK,36359
ROM,3060
ROP,11800
CUNB,803
ANF,738152
HESAY,60
ROX,3515
ANH,42515
ANN,127093
MRLN,7488
ANR,328713
RPG,21157
ANV,294869
ANW,7405
PYMXQ,1000
RPM,21168
AOIL,200
BRLI,13422
AOA,14891
AOD,90106
RPT,5603
RPV,17303
AOI,7453
RPX,512
BOTRF,7500
AOK,8946
AOL,42405
AOM,3405
AON,36962
AOR,2792
AOS,12477
DGRE,2200
CDOC,16216
RQI,34685
APA,91032
APB,624
APC,123249
APD,23370
PLGTF,2425
APF,2650
CDNS,119226
APH,24883
API,3410
BRMA,5000
APL,19216
APO,16002
APP,66839
RRC,50492
APT,2462
RRD,50726
APU,3015
WZGRF,1000
HINOY,800
SEARF,11
DGRW,2294
KLIC,74009
MAMS,200
BALT,368140
LOJN,700
RSE,2681
TXCCQ,14191
XRMB,400
RSH,59345
RSG,45412
BANF,802
BANC,2280
IFAS,530
RSP,65848
SVCBY,100
RSO,38133
ARC,16121
RST,2594
ARE,9743
ARG,23513
RSX,197570
ARI,6823
CURE,11159
ARL,220
MRNA,57025
ARN,51
ARO,175057
ARP,3171
MBLTY,115
ARR,146613
HTBX,1193
ARU,1830
ARW,22094
RTI,4021
STBA,1952
RTH,6358
ARX,13113
RTK,29847
ARY,156
RTM,631
RTL,912
HCAP,600
RTN,46873
AKO.B,494
ASA,10248
AKO.A,1200
HTCH,5238
ASC,4300
STBV,6313216
LSTMF,13005
ASG,8384
CSIOY,500
ASH,17707
TWER,32323
BANX,6722
NDRO,13450
HTCO,2344
ASM,10900
BANR,3606
SCAI,1720
ASP,144
LONG,2000
STBZ,1211
NURO,9374
ASR,1151
STAG,10002
ASX,135670
STAA,7070
RUK,2200
IWEB,109400
MANH,2665
CUTR,2015
ATE,400
HTBI,84
HTBK,684
STAR,10828
MWIPD,18106
ATI,37195
XAND,5
MANU,3311
ATK,6879
ATL,3741
MANT,4144
BPWRF,20000
ATO,12112
ATR,7236
STAY,54864
HCCI,3864
ATU,6959
ATV,200
ATW,21737
SCBT,2550
WOOD,1843
ATX,3297
WOOF,7881
RVM,600
CDTI,7400
DXYN,1112
TWGP,299965
RVP,18117
AUD,200
RVT,11841
NUVA,8220
SCCO,212430
LOPE,23391
AUO,94002
AUQ,227083
NUTR,3821
RWG,100
RWJ,8753
HCBK,132433
AUY,577984
RWL,4925
RWK,191
STCC,600
UIHC,19638
RWM,20147
RWO,7896
RWR,10678
AVA,52928
AVB,61858
RWT,23012
BRSS,2082
STCK,2293
IFEU,1416
AVD,4981
RWX,60884
AVG,17414
RWW,42
AVH,10097
NDSN,7786
AVK,8483
AVL,45285
TFER,39424
AVP,94876
LOOK,400
AVT,26427
AVV,1538
RXI,5058
AVX,3060
AVY,17714
EXLLF,200
RXL,4227
MASC,4768
HTGC,23180
MASI,5342
RXN,3830
BASI,3357
AWC,8415
MRTX,2000
ISVLF,500
TWIN,35
AWF,10333
AWH,4319
AWI,14646
APLVF,1200
AWK,31664
XRTX,39515
AWP,64493
AWR,2976
LORL,1840
RYF,3730
BRTE,700
RYE,1711
HTGY,75
IFGL,14218
RYH,924
MARA,160
RYJ,4358
XRSC,1200
RYL,37768
RYN,27851
RYT,5622
OGXI,2039
MARK,1480
AXE,6910
RYU,433
STEM,22949
STEV,13000
AXL,30433
AXN,500
STFC,1471
RZA,524
AXP,248243
MRTN,1313
AXR,96900
AXS,13843
RZG,2116
AXU,51826
CDXS,5900
FNCB,900
RZV,3936
AYI,4134
FNCL,14471
CDXC,47431
AF.PR.C,1204
AYN,207
AOSL,4436
AYR,22603
SCE.PR.G,698
SCE.PR.F,3057
SCE.PR.E,100
SCE.PR.D,100
ELS.PR.C,199
SINGF,373
AZC,600
IFIT,100
MATH,1875
MATL,48
MATR,400
MATW,6561
AZN,142641
MRVC,261
AZO,4247
HTHT,10835
MATX,1318
FOLGF,12250
MRVL,517642
AZZ,2407
SCHZ,19373
SCHX,58058
SCIF,8187
BRXX,10830
SAFRY,153
SCIN,7760
LNVGY,3022
SCIL,8900
DYAI,1315
VLRS,3910
BRZG,269399
BAXS,22077
FNDA,5448
LNEGY,4791
FNDB,4047
FNDC,4752
SCHF,113971
SCHG,19327
FNDE,14280
SCHD,101992
FNDF,4176
SCHE,104938
SCHB,133126
SCHC,22195
STIP,767
SCHA,55589
SCHN,5617
SCHO,36887
SCHL,11319
SCHM,49495
SCHH,30471
SCHV,23388
SCHW,167195
SCHR,26020
FNDX,1086
TWMC,650
SCHP,12633
HCKT,2752
BAYP,100000
VLTC,692
FNGN,2912
BRZV,10000
BRZU,4498
HCLP,20666
IFON,12805
PKBK,200
MAXE,10000
MAXD,85290
STKL,13256
HTLD,37420
HTLF,1571
FNFG,79063
DYAX,14424
SAA,60
IFNA,1300
TWOK,2418
SAH,3955
SAM,2307
STLD,85259
SAN,758202
STNR,1218
SAP,83528
SAR,590
TELNY,2080
VWDRY,29701
ZYCI,50
SCMR,1342
ANFGY,40
SCMP,4096
SBH,161895
NVAX,243094
SBI,6165
STMP,8183
SBR,1665
BAA,31032
FNHC,5540
BAB,26786
BAC,10860760
BEE.PR.C,1
SBS,88692
STML,2901
BEE.PR.A,1180
TELOZ,21
BAF,1720
CVBF,6836
SBW,4823
BAH,10606
SBY,4574
BAK,17074
BAL,102
VLUE,877
BAM,15174
BAP,5923
SCC,28
BAS,25147
SCLN,4495
SCD,5475
SCG,75132
SCI,35500
EAIAF,9500
BAX,81395
DHCC,2200
SCJ,5835
STNG,20900
SCM,133
SCL,4895
SCO,244953
